id,state_name,state_code,district_name,district_code,subdistrict_name,subdistrict_code,cluster_name,village_name,udise_village_code,pincode,ward,school_name,udise_school_code,school_category,school_type,management,year_of_establishment,longitude,latitude,status,location_type,class_from,class_to,aff_board_sec,aff_board_h_sec,pre_primary,class_rooms,other_rooms,total_teachers,pre_primary_students,i_students,ii_students,iii_students,iv_students,v_students,vi_students,vii_students,viii_students,ix_students,x_students,xi_students,xii_students,class_students,class_with_pre_primary_students
1405,Meghalaya,17,East Khasi Hills,274,,,Laitlyngkot,Umthli,170608003,793110,,UMTHLI SSA LP SCHOOL,17060800304,Primary,Co. Educational,Department of Education,1996,91.5255,25.267,Operational,Rural,1,5,,,0,6,0,5,70,24,17,24,19,21,0,0,0,0,0,0,0,105,175
1406,Meghalaya,17,East Khasi Hills,274,,,Laitlyngkot,Umthli,170608003,793110,,UMTHLI RKM LP SCHOOL,17060800306,Primary,Co. Educational,Government Aided,1965,91.5112,25.2555,Operational,Rural,1,5,,,0,6,1,6,47,20,25,12,15,13,0,0,0,0,0,0,0,85,132
1407,Meghalaya,17,East Khasi Hills,274,,,Laitlyngkot,Umthli,170608003,793110,,UMTHLI UP SCHOOL,17060800307,Upper Primary only,Co. Educational,Government Aided,1981,91.5051,25.265,Operational,Rural,6,8,,,0,3,2,4,0,0,0,0,0,0,30,28,37,0,0,0,0,95,95
1408,Meghalaya,17,East Khasi Hills,274,,,Laitlyngkot,Umthli,170608003,793110,,UMTHLI PRESBYTERIAN LP SCHOOL,17060800309,Primary,Co. Educational,Government Aided,1958,91.5111,25.255,Operational,Rural,1,5,,,0,5,1,3,58,17,16,12,11,9,0,0,0,0,0,0,0,65,123
1409,Meghalaya,17,East Khasi Hills,274,,,Laitlyngkot,Umthli,170608003,793110,,UMTHLI SECONDARY SCHOOL,17060800310,Secondary Only,Co. Educational,Private Unaided (Recognized),2009,91.5111,25.255,Operational,Rural,9,10,State Board,,0,2,3,4,0,0,0,0,0,0,0,0,0,34,20,0,0,54,54
1410,Meghalaya,17,East Khasi Hills,274,,,Laitkroh,Umtyngngar,170608004,793108,,"LAMJINGSHAI LP SCHOOL, UMTYNGNGAR",17060800401,Primary,Co. Educational,Government Aided,1990,91.4941,25.2753,Operational,Rural,1,5,,,0,4,1,3,28,9,10,10,12,9,0,0,0,0,0,0,0,50,78
1411,Meghalaya,17,East Khasi Hills,274,,,Laitkroh,Umtyngngar,170608004,793108,,LAMJINGSHAI SSA UP SCHOOL- UMTYNGNGAR,17060800402,Upper Primary only,Co. Educational,Department of Education,1990,91.4941,25.2753,Operational,Rural,6,8,,,0,3,0,4,0,0,0,0,0,0,8,5,7,0,0,0,0,20,20
1412,Meghalaya,17,East Khasi Hills,274,,,Laitkroh,Kyrdemkhla,170608005,793108,,KYRDEMKHLA SSA RCLP SCHOOL,17060800501,Primary,Co. Educational,Department of Education,1990,91.4849,25.2622,Operational,Rural,1,5,,,0,3,1,3,20,8,7,5,2,4,0,0,0,0,0,0,0,26,46
1413,Meghalaya,17,East Khasi Hills,274,,,Laitkroh,Mawjrong,170608006,793108,,"ST. PETER'S LP SCHOOL, MAWJRONG",17060800603,Primary,Co. Educational,Government Aided,1977,91.481,25.261,Operational,Rural,1,5,,,0,6,1,5,69,22,25,27,19,36,0,0,0,0,0,0,0,129,198
1414,Meghalaya,17,East Khasi Hills,274,,,Laitkroh,Mawmyrsiang,170608008,793108,,"RKM LP SCHOOL, MAWMYRSIANG",17060800801,Primary,Co. Educational,Unrecognized,1964,91.4731,25.2637,Operational,Rural,1,5,,,0,4,0,4,31,18,12,11,7,5,0,0,0,0,0,0,0,53,84
1415,Meghalaya,17,East Khasi Hills,274,,,Laitkroh,Mawmyrsiang,170608008,793108,,"ST. CARMEL SSA RCLP SCHOOL, TIEWLIEH",17060800802,Primary,Co. Educational,Department of Education,1994,91.4711,25.2619,Operational,Rural,1,5,,,0,4,0,3,45,18,13,17,14,10,0,0,0,0,0,0,0,72,117
1416,Meghalaya,17,East Khasi Hills,274,,,Laitkroh,Mawmyrsiang,170608008,793108,,ST. CARMEL SSA RCUP SCHOOL TIEWLIEH,17060800803,Upper Primary only,Co. Educational,Department of Education,1994,91.471,25.2619,Operational,Rural,6,8,,,0,3,0,4,0,0,0,0,0,0,7,6,4,0,0,0,0,17,17
1417,Meghalaya,17,East Khasi Hills,274,,,Kukon Ladmawphlang,Kukon,170608009,793108,,KUKON GOVT. LP SCHOOL,17060800901,Primary,Co. Educational,Department of Education,1968,91.4346,25.2242,Operational,Rural,1,5,,,0,3,0,2,21,6,7,6,6,3,0,0,0,0,0,0,0,28,49
1418,Meghalaya,17,East Khasi Hills,274,,,Kukon Ladmawphlang,Kukon,170608009,793108,,KUKON SSA UP SCHOOL,17060800902,Upper Primary only,Co. Educational,Department of Education,1968,91.4347,25.2242,Operational,Rural,6,8,,,0,3,0,3,0,0,0,0,0,0,12,8,5,0,0,0,0,25,25
1419,Meghalaya,17,East Khasi Hills,274,,,Kukon Ladmawphlang,Dewlieh,170608010,793108,,DEWLIEH GOVT. LP SCHOOL,17060801001,Primary,Co. Educational,Department of Education,1978,91.4519,25.2145,Operational,Rural,1,5,,,0,2,0,1,15,7,5,2,4,2,0,0,0,0,0,0,0,20,35
1420,Meghalaya,17,East Khasi Hills,274,,,Kukon Ladmawphlang,Dewlieh,170608010,793108,,DEWLIEH SSA UP SCHOOL,17060801002,Upper Primary only,Co. Educational,Department of Education,1978,91.4519,25.2146,Operational,Rural,6,8,,,0,3,0,3,0,0,0,0,0,0,10,3,3,0,0,0,0,16,16
1421,Meghalaya,17,East Khasi Hills,274,,,Kukon Ladmawphlang,Laitsohpliah,170608011,793108,,LAITSOHPLIAH RCLP SCHOOL,17060801101,Primary,Co. Educational,Government Aided,1967,91.4545,25.2324,Operational,Rural,1,5,,,0,3,0,3,9,3,8,4,7,8,0,0,0,0,0,0,0,30,39
1422,Meghalaya,17,East Khasi Hills,274,,,Kukon Ladmawphlang,Laitsohpliah,170608011,793108,,LAITSOHPLIAH SSA RCUP SCHOOL,17060801102,Upper Primary only,Co. Educational,Department of Education,1967,91.4545,25.2324,Operational,Rural,6,8,,,0,1,0,4,0,0,0,0,0,0,9,7,5,0,0,0,0,21,21
1423,Meghalaya,17,East Khasi Hills,274,,,Kukon Ladmawphlang,Laitsohpliah,170608011,793108,,SUBAKALAI SSA LP SCHOOL,17060801103,Primary,Co. Educational,Department of Education,2005,91.455,25.2331,Operational,Rural,1,5,,,0,2,0,2,23,3,4,5,4,5,0,0,0,0,0,0,0,21,44
1424,Meghalaya,17,East Khasi Hills,274,,,Kukon Ladmawphlang,Pyrda,170608012,793108,,HOLY FAMILY RCLP SCHOOL PYRDA,17060801201,Primary,Co. Educational,Government Aided,1948,91.444,25.235,Operational,Rural,1,5,,,0,3,0,2,43,15,11,14,8,12,0,0,0,0,0,0,0,60,103
1425,Meghalaya,17,East Khasi Hills,274,,,Kukon Ladmawphlang,Jathang,170608013,793108,,ST. PETER'S SSA RCLP SCHOOL  JATHANG,17060801301,Primary,Co. Educational,Department of Education,1958,91.4411,25.2152,Operational,Rural,1,5,,,0,2,0,2,14,7,9,7,6,7,0,0,0,0,0,0,0,36,50
1426,Meghalaya,17,East Khasi Hills,274,,,Kukon Ladmawphlang,Jathang,170608013,793108,,ST. PETER'S SSA RCUP SCHOOL- JATHANG,17060801302,Upper Primary only,Co. Educational,Department of Education,1958,91.441,25.2152,Operational,Rural,6,8,,,0,3,0,3,0,0,0,0,0,0,3,2,1,0,0,0,0,6,6
1427,Meghalaya,17,East Khasi Hills,274,,,Kukon Ladmawphlang,Mawbri,170608014,793108,,ST. ANTHONY'S RCLP SCHOOL MAWBRI,17060801401,Primary,Co. Educational,Government Aided,1950,91.4322,25.2194,Operational,Rural,1,5,,,0,2,0,2,15,6,6,3,4,3,0,0,0,0,0,0,0,22,37
1428,Meghalaya,17,East Khasi Hills,274,,,Kukon Ladmawphlang,Mawstep,170608015,793108,,MAWSTEP PRESBYTERIAN SSA LP SCHOOL,17060801501,Primary,Co. Educational,Department of Education,1983,91.4425,25.2248,Operational,Rural,1,5,,,0,3,0,3,29,9,11,14,4,2,0,0,0,0,0,0,0,40,69
1429,Meghalaya,17,East Khasi Hills,274,,,Sohrarim,Mawmihthied,170608016,793108,,MAWMIHTHIED GOVT. LP SCHOOL,17060801601,Primary,Co. Educational,Department of Education,1940,91.447,25.203,Operational,Rural,1,5,,,0,4,0,4,26,11,10,14,11,9,0,0,0,0,0,0,0,55,81
1430,Meghalaya,17,East Khasi Hills,274,,,Sohrarim,Mawmihthied,170608016,793111,,MAWMIHTHIED SSA & RMSA SECONDARY SCHOOL,17060801602,Upper Pri. and Secondary,Co. Educational,Department of Education,2006,91.447,25.203,Operational,Rural,6,10,Others,,0,9,6,10,0,0,0,0,0,0,27,28,20,21,22,0,0,118,118
1431,Meghalaya,17,East Khasi Hills,274,,,Sohrarim,Diengsong,170608017,793108,,DIENGSONG PRESBYTERIAN LP SCHOOL,17060801701,Primary,Co. Educational,Government Aided,1937,91.4442,25.2035,Operational,Rural,1,5,,,0,2,1,3,29,10,5,10,12,6,0,0,0,0,0,0,0,43,72
1432,Meghalaya,17,East Khasi Hills,274,,,Sohrarim,Diengsong,170608017,793108,,DIENGSONG PRESBYTERIAN SSA UP SCHOOL,17060801702,Upper Primary only,Co. Educational,Department of Education,1937,91.4442,25.2035,Operational,Rural,6,8,,,0,3,0,4,0,0,0,0,0,0,6,6,3,0,0,0,0,15,15
1433,Meghalaya,17,East Khasi Hills,274,,,Sohrarim,Sohrarim,170608018,793108,,SOHRARIM PRESBYTERIAN LP SCHOOL,17060801801,Primary,Co. Educational,Government Aided,1890,91.4418,25.2055,Operational,Rural,1,5,,,0,4,2,5,18,6,7,4,7,5,0,0,0,0,0,0,0,29,47
1434,Meghalaya,17,East Khasi Hills,274,,,Sohrarim,Sohrarim,170608018,793108,,TIROT SINGH SYIEM SSA UP SCHOOL- SOHRARIM,17060801802,Upper Primary only,Co. Educational,Department of Education,1997,91.443,25.217,Operational,Rural,6,8,,,0,3,1,4,0,0,0,0,0,0,4,6,4,0,0,0,0,14,14
1435,Meghalaya,17,East Khasi Hills,274,,,Sohrarim,Sohrarim,170608018,793108,,TIROT SINGH SYIEM LP SCHOOL SOHRARIM,17060801803,Primary,Co. Educational,Unrecognized,1997,91.443,25.217,Operational,Rural,1,5,,,0,4,0,3,3,2,3,3,1,2,0,0,0,0,0,0,0,11,14
1436,Meghalaya,17,East Khasi Hills,274,,,Sohrarim,Sohrarim,170608018,793108,,ST. JOSEPH RCLP SCHOOL SOHRARIM,17060801804,Primary,Co. Educational,Unrecognized,2008,91.4414,25.204,Operational,Rural,1,5,,,0,3,0,4,20,1,6,4,2,5,0,0,0,0,0,0,0,18,38
1437,Meghalaya,17,East Khasi Hills,274,,,Sohrarim,Mawkma,170608019,793108,,SACRED HEART RCLP SCHOOL  MAWKMA,17060801901,Primary,Co. Educational,Government Aided,1989,91.432,25.203,Operational,Rural,1,5,,,0,3,0,3,54,12,12,6,8,5,0,0,0,0,0,0,0,43,97
1438,Meghalaya,17,East Khasi Hills,274,,,Sohrarim,Mawkma,170608019,793108,,MAWKMA PRESBYTERIAN SSA LP SCHOOL,17060801903,Primary,Co. Educational,Department of Education,1992,91.439,25.207,Operational,Rural,1,5,,,0,5,1,3,16,10,7,14,12,3,0,0,0,0,0,0,0,46,62
1439,Meghalaya,17,East Khasi Hills,274,,,Sohrarim,Mawkma,170608019,793108,,MAWKMA PRESBYTERIAN SSA UP SCHOOL,17060801904,Upper Primary only,Co. Educational,Department of Education,1992,91.439,25.207,Operational,Rural,6,8,,,0,3,0,4,0,0,0,0,0,0,6,8,1,0,0,0,0,15,15
1440,Meghalaya,17,East Khasi Hills,274,,,Sohrarim,Mawkma,170608019,793108,,SACRED HEART SSA RCUP SCHOOL- MAWKMA,17060801905,Upper Primary only,Co. Educational,Department of Education,1989,91.432,25.203,Operational,Rural,6,8,,,0,3,0,4,0,0,0,0,0,0,6,5,3,0,0,0,0,14,14
1441,Meghalaya,17,East Khasi Hills,274,,,Sohrarim,Mawkma,170608019,793108,,SENG KHASI LP AND UP SCHOOL MAWKMA,17060801906,Primary with Upper Primary,Co. Educational,Private Unaided (Recognized),2008,91.439,25.2012,Operational,Rural,1,8,,,0,7,1,9,32,16,11,16,13,17,14,10,9,0,0,0,0,106,138
1442,Meghalaya,17,East Khasi Hills,274,,,Sohrarim,Nongtraw,170608020,793108,,NONGTRAW RCLP SCHOOL,17060802001,Primary,Co. Educational,Government Aided,1962,91.4459,25.21,Operational,Rural,1,5,,,0,1,0,2,0,1,9,2,7,1,0,0,0,0,0,0,0,20,20
1443,Meghalaya,17,East Khasi Hills,274,,,Sohrarim,Rngimawsaw,170608021,793108,,RNGIMAWSAW RCLP SCHOOL,17060802101,Primary,Co. Educational,Government Aided,1985,91.4051,25.1937,Operational,Rural,1,5,,,0,2,0,2,13,6,4,5,1,0,0,0,0,0,0,0,0,16,29
1444,Meghalaya,17,East Khasi Hills,274,,,Sohrarim,Rngimawsaw,170608021,793108,,RNGIMAWSAW PRESBYTERIAN LP SCHOOL,17060802102,Primary,Co. Educational,Government Aided,1983,91.4045,25.1942,Operational,Rural,1,5,,,0,1,0,2,12,4,3,2,2,3,0,0,0,0,0,0,0,14,26
1445,Meghalaya,17,East Khasi Hills,274,,,Sohrarim,Rngimawsaw,170608021,793108,,RNGIMAWSAW PRESBYTERIAN SSA UP SCHOOL,17060802103,Upper Primary only,Co. Educational,Department of Education,2010,91.4045,25.1941,Operational,Rural,6,8,,,0,3,0,3,0,0,0,0,0,0,3,2,5,0,0,0,0,10,10
1446,Meghalaya,17,East Khasi Hills,274,,,Sohrarim,Laitlyndop,170608022,793108,,LAITLYNDOP SSA RCLP SCHOOL,17060802201,Primary,Co. Educational,Department of Education,1982,91.4119,25.1952,Operational,Rural,1,5,,,0,4,0,3,16,2,6,5,8,10,0,0,0,0,0,0,0,31,47
1447,Meghalaya,17,East Khasi Hills,274,,,Sohrarim,Laitlyndop,170608022,793108,,LAITLYNDOP RKM LP SCHOOL,17060802202,Primary,Co. Educational,Government Aided,1962,91.4125,25.1951,Operational,Rural,1,5,,,0,5,0,5,24,16,5,15,7,10,0,0,0,0,0,0,0,53,77
1448,Meghalaya,17,East Khasi Hills,274,,,Sohrarim,Laitlyndop,170608022,793108,,LAITLYNDOP SSA RCUP SCHOOL,17060802203,Upper Primary only,Co. Educational,Department of Education,1982,91.4129,25.1953,Operational,Rural,6,8,,,0,2,0,4,0,0,0,0,0,0,11,9,13,0,0,0,0,33,33
1449,Meghalaya,17,East Khasi Hills,274,,,Sohrarim,Laitlyndop,170608022,793108,,LAITLYNDOP RKM UP SCHOOL,17060802204,Upper Primary only,Co. Educational,Unrecognized,1964,91.4125,25.1951,Operational,Rural,6,8,,,0,5,0,3,0,0,0,0,0,0,6,11,10,0,0,0,0,27,27
1450,Meghalaya,17,East Khasi Hills,274,,,Khrang,Khrang,170608023,793108,,"NANGKYRSOI SSA RCLP SCHOOL, KHRANG",17060802301,Primary,Co. Educational,Department of Education,1991,91.4751,25.1924,Operational,Rural,1,5,,,0,4,0,4,30,13,7,12,11,12,0,0,0,0,0,0,0,55,85
1451,Meghalaya,17,East Khasi Hills,274,,,Khrang,Khrang,170608023,793108,,KHRANG PRESBYTERIAN LP SCHOOL,17060802302,Primary,Co. Educational,Government Aided,1943,91.4751,25.192,Operational,Rural,1,5,,,0,1,1,2,31,36,13,12,9,7,0,0,0,0,0,0,0,77,108
1452,Meghalaya,17,East Khasi Hills,274,,,Khrang,Khrang,170608023,793108,,KHATARSHNONG PRESBYTERIAN JUBILEE UP SCHOOL- KHRANG,17060802303,Upper Primary only,Co. Educational,Government Aided,1972,91.4732,25.192,Operational,Rural,6,8,,,0,4,2,4,0,0,0,0,0,0,25,13,14,0,0,0,0,52,52
1453,Meghalaya,17,East Khasi Hills,274,,,Khrang,Khrang,170608023,793108,,NANGKYRSOI SSA RCUP SCHOOL- KHRANG,17060802305,Upper Primary only,Co. Educational,Department of Education,1991,91.4751,25.1924,Operational,Rural,6,8,,,0,3,0,3,0,0,0,0,0,0,11,14,7,0,0,0,0,32,32
1454,Meghalaya,17,East Khasi Hills,274,,,Khrang,Khrang,170608023,793108,,KHATARSHNONG PRESBYTERIAN JUBILEE SECONDARY SCHOOL-KHRANG,17060802306,Secondary Only,Co. Educational,Private Unaided (Recognized),1972,91.4732,25.192,Operational,Rural,9,10,Others,,0,2,0,4,0,0,0,0,0,0,0,0,0,12,14,0,0,26,26
1455,Meghalaya,17,East Khasi Hills,274,,,Khrang,Khrang,170608023,793108,,NANGKYRSOI SECONDARY SCHOOL-KHRANG,17060802307,Secondary Only,Co. Educational,Unrecognized,1991,91.4751,25.1924,Operational,Rural,9,10,Others,,0,2,0,5,0,0,0,0,0,0,0,0,0,10,5,0,0,15,15
1456,Meghalaya,17,East Khasi Hills,274,,,Khrang,Kongthong,170608024,793108,,KONGTHONG PRESBYTERIAN LP SCHOOL,17060802401,Primary,Co. Educational,Government Aided,1901,91.4923,25.1947,Operational,Rural,1,5,,,0,2,0,3,11,8,2,1,3,7,0,0,0,0,0,0,0,21,32
1457,Meghalaya,17,East Khasi Hills,274,,,Khrang,Kongthong,170608024,793108,,KONGTHONG UP SCHOOL,17060802402,Upper Primary only,Co. Educational,Government Aided,1993,91.4732,25.192,Operational,Rural,6,8,,,0,3,1,4,0,0,0,0,0,0,10,7,4,0,0,0,0,21,21
1458,Meghalaya,17,East Khasi Hills,274,,,Khrang,Kongthong,170608024,793108,,SENG KHASI RAID KONGTHONG LP SCHOOL- KONGTHONG,17060802404,Primary,Co. Educational,Unrecognized,2008,91.4916,25.1948,Operational,Rural,1,5,,,0,2,0,4,35,13,13,10,10,11,0,0,0,0,0,0,0,57,92
1459,Meghalaya,17,East Khasi Hills,274,,,Khrang,Kongthong,170608024,793108,,ST. MATHEUS RCLP SCHOOL-MAWPYNING- KONGTHONG,17060802405,Primary,Co. Educational,Unrecognized,1995,91.4915,25.1946,Operational,Rural,1,5,,,0,1,0,2,15,4,0,5,5,0,0,0,0,0,0,0,0,14,29
1460,Meghalaya,17,East Khasi Hills,274,,,Kshaid,Kshaid,170608025,793108,,KSHAID PRESBYTERIAN LP SCHOOL,17060802501,Primary,Co. Educational,Government Aided,1913,91.4611,25.2015,Operational,Rural,1,5,,,0,3,0,3,28,11,6,9,6,9,0,0,0,0,0,0,0,41,69
1461,Meghalaya,17,East Khasi Hills,274,,,Kshaid,Kshaid,170608025,793108,,KSHAID PRESBYTERIAN SSA UP SCHOOL,17060802503,Upper Primary only,Co. Educational,Department of Education,1913,91.4611,25.2015,Operational,Rural,6,8,,,0,3,0,4,0,0,0,0,0,0,5,1,0,0,0,0,0,6,6
1462,Meghalaya,17,East Khasi Hills,274,,,Kshaid,Kshaid,170608025,793108,,ST JOSEPH RCLP SCHOOL KSHAID,17060802504,Primary,Co. Educational,Unrecognized,2007,91.4619,25.2016,Operational,Rural,1,5,,,0,2,0,1,18,4,0,0,0,0,0,0,0,0,0,0,0,4,22
1463,Meghalaya,17,East Khasi Hills,274,,,Kshaid,Kshaid,170608025,793108,,MAWTULI SSA LP SCHOOL,17060802505,Primary,Co. Educational,Department of Education,2005,91.4539,25.1943,Operational,Rural,1,5,,,0,3,1,2,8,3,5,4,0,0,0,0,0,0,0,0,0,12,20
1464,Meghalaya,17,East Khasi Hills,274,,,Kshaid,Mawthawtieng,170608026,793108,,MAWTHAWTIENG LP SCHOOL,17060802601,Primary,Co. Educational,Government Aided,1963,91.461,25.2133,Operational,Rural,1,5,,,0,2,0,1,0,10,12,6,1,6,0,0,0,0,0,0,0,35,35
1465,Meghalaya,17,East Khasi Hills,274,,,Kshaid,Mawthawtieng,170608026,793108,,MAWTHAWTIENG SSA UP SCHOOL,17060802602,Upper Primary only,Co. Educational,Department of Education,1963,91.4618,25.2126,Operational,Rural,6,8,,,0,3,0,3,0,0,0,0,0,0,6,3,3,0,0,0,0,12,12
1466,Meghalaya,17,East Khasi Hills,274,,,Kshaid,War - War,170608027,793108,,ST. MARY'S RCLP SCHOOL- WAR WAR,17060802701,Primary,Co. Educational,Government Aided,1989,91.4647,25.2018,Operational,Rural,1,5,,,0,3,1,2,0,16,25,17,10,10,0,0,0,0,0,0,0,78,78
1467,Meghalaya,17,East Khasi Hills,274,,,Kshaid,War - War,170608027,793108,,ST. MARY'S SSA RCUP SCHOOL- WAR WAR,17060802702,Upper Primary only,Co. Educational,Department of Education,1989,91.4647,25.2018,Operational,Rural,6,8,,,0,3,1,3,0,0,0,0,0,0,15,9,5,0,0,0,0,29,29
1468,Meghalaya,17,East Khasi Hills,274,,,Khrang,Mawmang,170608028,793108,,MAWMANG RCLP SCHOOL,17060802802,Primary,Co. Educational,Government Aided,1942,91.493,25.1855,Operational,Rural,1,5,,,0,1,0,2,18,6,5,0,1,3,0,0,0,0,0,0,0,15,33
1469,Meghalaya,17,East Khasi Hills,274,,,Khrang,Krohiawhiar,170608029,793108,,KROHIAWHIAR SSA LP SCHOOL,17060802901,Primary,Co. Educational,Department of Education,1991,91.4826,25.199,Operational,Rural,1,5,,,0,3,1,2,6,1,3,2,6,1,0,0,0,0,0,0,0,13,19
1470,Meghalaya,17,East Khasi Hills,274,,,Mawkdok-Swer,Dympep,170608030,793108,,DYMPEP GOVT. LP SCHOOL,17060803001,Primary,Co. Educational,Department of Education,1977,91.4646,25.257,Operational,Rural,1,5,,,0,7,0,3,22,6,7,7,6,4,0,0,0,0,0,0,0,30,52
1471,Meghalaya,17,East Khasi Hills,274,,,Mawkdok-Swer,Dympep,170608030,793108,,DYMPEP SSA UP SCHOOL,17060803002,Upper Primary only,Co. Educational,Department of Education,2006,91.4647,25.257,Operational,Rural,6,8,,,0,3,1,4,0,0,0,0,0,0,5,4,5,0,0,0,0,14,14
1472,Meghalaya,17,East Khasi Hills,274,,,Mawkdok-Swer,Swer,170608031,793108,,"SHINING STAR LP SCHOOL, SWER",17060803102,Primary,Co. Educational,Government Aided,1997,91.488,25.253,Operational,Rural,1,5,,,0,6,1,4,72,21,18,18,23,20,0,0,0,0,0,0,0,100,172
1473,Meghalaya,17,East Khasi Hills,274,,,Mawkdok-Swer,Swer,170608031,793108,,RKM LP SCHOOL- SWER,17060803103,Primary,Co. Educational,Government Aided,1962,91.4814,25.2526,Operational,Rural,1,5,,,0,7,1,8,89,29,44,29,27,23,0,0,0,0,0,0,0,152,241
1474,Meghalaya,17,East Khasi Hills,274,,,Mawkdok-Swer,Swer,170608031,793108,,VILLAGE DURBAR UP & SECONDARY SCHOOL- SWER,17060803105,Upper Pri. and Secondary,Co. Educational,Government Aided,1986,91.489,25.257,Operational,Rural,6,10,State Board,,0,6,6,11,0,0,0,0,0,0,36,38,63,53,69,0,0,259,259
1475,Meghalaya,17,East Khasi Hills,274,,,Mawkdok-Swer,Swer,170608031,793108,,SWER SHILLIANGWAH RCLP SCHOOL,17060803106,Primary,Co. Educational,Government Aided,1952,91.485,25.2452,Operational,Rural,1,5,,,0,1,1,3,27,11,9,6,6,6,0,0,0,0,0,0,0,38,65
1476,Meghalaya,17,East Khasi Hills,274,,,Mawkdok-Swer,Swer,170608031,793108,,VILLAGE DURBAR HR.SECONDARY SCHOOL- SWER,17060803107,Higher Secondary only/Jr. College,Co. Educational,Unrecognized,2014,91.489,25.257,Operational,Rural,11,12,,State Board,0,2,0,6,0,0,0,0,0,0,0,0,0,0,0,53,50,103,103
1477,Meghalaya,17,East Khasi Hills,274,,,Mawkdok-Swer,Swer,170608031,793108,,RKM SECONDARY SCHOOL- SWER,17060803108,Upper Pri. and Secondary,Co. Educational,Unrecognized,1962,91.4813,25.2525,Operational,Rural,6,10,Others,,0,0,0,6,0,0,0,0,0,0,35,26,18,5,6,0,0,90,90
1478,Meghalaya,17,East Khasi Hills,274,,,Mawkdok-Swer,Mawkdok,170608032,793108,,MAWKDOK PRESBYTERIAN LP SCHOOL,17060803201,Primary,Co. Educational,Government Aided,1933,91.794722,25.430556,Operational,Rural,1,5,,,0,6,1,3,31,13,9,14,11,7,0,0,0,0,0,0,0,54,85
1479,Meghalaya,17,East Khasi Hills,274,,,Mawkdok-Swer,Mawkdok,170608032,793108,,TIROT SINGH MEMORIAL UP & SECONDARY SCHOOL- MAWKDOK,17060803202,Upper Pri. and Secondary,Co. Educational,Government Aided,1962,91.4746,25.2551,Operational,Rural,6,10,State Board,,0,6,11,12,0,0,0,0,0,0,10,9,13,28,16,0,0,76,76
1480,Meghalaya,17,East Khasi Hills,274,,,Mawkdok-Swer,Mawrah,170608033,793108,,"RAMAKRISHNA MISSION LP SCHOOL, MAWRAH",17060803301,Primary,Co. Educational,Government Aided,1962,91.4653,25.2514,Operational,Rural,1,5,,,0,7,1,6,56,22,15,10,13,9,0,0,0,0,0,0,0,69,125
1481,Meghalaya,17,East Khasi Hills,274,,,Mawkdok-Swer,Mawrah,170608033,793108,,MAWRAH PRESBYTERIAN SSA LP SCHOOL,17060803302,Primary,Co. Educational,Department of Education,1994,91.4652,25.2317,Operational,Rural,1,5,,,0,6,0,3,34,18,14,5,5,10,0,0,0,0,0,0,0,52,86
1482,Meghalaya,17,East Khasi Hills,274,,,Mawkdok-Swer,Mawrah,170608033,793108,,RAMAKRISHNA MISSION SSA UP SCHOOL- MAWRAH,17060803303,Upper Primary only,Co. Educational,Department of Education,1964,91.4653,25.2314,Operational,Rural,6,8,,,0,0,0,4,0,0,0,0,0,0,9,12,5,0,0,0,0,26,26
1483,Meghalaya,17,East Khasi Hills,274,,,Mawkdok-Swer,Umdiengpoh,170608034,793108,,RKM LP SCHOOL- UMDIENGPOH,17060803401,Primary,Co. Educational,Government Aided,1973,91.4617,25.241,Operational,Rural,1,5,,,0,6,0,4,30,10,12,10,5,8,0,0,0,0,0,0,0,45,75
1484,Meghalaya,17,East Khasi Hills,274,,,Mawkdok-Swer,Umdiengpoh,170608034,793108,,UMDIENGPOH SSA UP SCHOOL,17060803402,Upper Primary only,Co. Educational,Department of Education,2010,91.4615,25.249,Operational,Rural,6,8,,,0,3,1,3,0,0,0,0,0,0,6,6,0,0,0,0,0,12,12
1485,Meghalaya,17,East Khasi Hills,274,,,Mawkdok-Swer,Rangtmah,170608035,793108,,ST. ANTHONY'S RCLP SCHOOL- RANGTMAH,17060803501,Primary,Co. Educational,Government Aided,1958,91.4729,25.2317,Operational,Rural,1,5,,,0,2,1,3,19,8,5,4,4,2,0,0,0,0,0,0,0,23,42
1486,Meghalaya,17,East Khasi Hills,274,,,Laitmawsiang,Laitmawsiang,170608036,793108,,RAMAKRISHNA MISSION LP SCHOOL- LAITMAWSIANG,17060803601,Primary,Co. Educational,Government Aided,1960,91.4546,25.1853,Operational,Rural,1,5,,,0,6,2,6,33,16,27,31,18,24,0,0,0,0,0,0,0,116,149
1487,Meghalaya,17,East Khasi Hills,274,,,Laitmawsiang,Laitmawsiang,170608036,793108,,VILLAGE DORBAR UP SCHOOL- LAITMAWSIANG,17060803602,Upper Primary only,Co. Educational,Government Aided,1975,91.4547,25.1857,Operational,Rural,6,8,,,0,4,1,4,0,0,0,0,0,0,1,6,8,0,0,0,0,15,15
1488,Meghalaya,17,East Khasi Hills,274,,,Laitmawsiang,Laitmawsiang,170608036,793108,,VILLAGE DORBAR SECONDARY SCHOOL- LAITMAWSIANG,17060803603,Secondary Only,Co. Educational,Unrecognized,2015,91.4547,25.1857,Operational,Rural,9,10,Others,,0,4,0,3,0,0,0,0,0,0,0,0,0,11,25,0,0,36,36
1489,Meghalaya,17,East Khasi Hills,274,,,Laitmawsiang,Laitmawsiang,170608036,793108,,VILLAGE DORBAR LP SCHOOL- LAITMAWSIANG,17060803604,Primary,Co. Educational,Unrecognized,2017,91.4547,25.1857,Operational,Rural,1,5,,,0,4,1,4,9,5,6,4,3,3,0,0,0,0,0,0,0,21,30
1490,Meghalaya,17,East Khasi Hills,274,,,Laitmawsiang,Laitmawsiang,170608036,793108,,RAMAKRISHNA MISSION UP SCHOOL- LAITMAWSIANG,17060803605,Upper Primary only,Co. Educational,Unrecognized,1960,91.4547,25.1849,Operational,Rural,6,8,,,0,3,3,5,0,0,0,0,0,0,19,22,24,0,0,0,0,65,65
1491,Meghalaya,17,East Khasi Hills,274,,,Laitmawsiang,Laitmawsiang,170608036,793108,,BADON BANIAR LP SCHOOL,17060803606,Primary,Co. Educational,Unrecognized,2018,91.4533,25.1858,Operational,Rural,1,5,,,0,2,0,2,8,5,4,2,6,3,0,0,0,0,0,0,0,20,28
1492,Meghalaya,17,East Khasi Hills,274,,,Laitmawsiang,Sohkynduh,170608037,793108,,SOHKYNDUH PRESBYTERIAN LP SCHOOL,17060803701,Primary,Co. Educational,Government Aided,1913,91.4634,25.173,Operational,Rural,1,5,,,0,3,2,2,29,11,2,3,6,1,0,0,0,0,0,0,0,23,52
1493,Meghalaya,17,East Khasi Hills,274,,,Laitmawsiang,Sohkynduh,170608037,793108,,SOHKYNDUH RCLP AND RCUP SCHOOL,17060803702,Primary with Upper Primary,Co. Educational,Private Unaided (Recognized),2011,91.4625,25.1657,Operational,Rural,1,8,,,0,2,0,2,80,16,19,12,11,8,9,5,1,0,0,0,0,81,161
1494,Meghalaya,17,East Khasi Hills,274,,,Laitmawsiang,Mawlyndiar,170608038,793108,,MAWLYNDIAR SSA RCLP SCHOOL,17060803801,Primary,Co. Educational,Department of Education,1987,91.4518,25.1824,Operational,Rural,1,5,,,0,6,2,2,11,4,3,5,4,4,0,0,0,0,0,0,0,20,31
1495,Meghalaya,17,East Khasi Hills,274,,,Laitmawsiang,Mawlyndiar,170608038,793108,,MAWLYNDIAR CHURCH OF GOD LP SCHOOL,17060803802,Primary,Co. Educational,Private Unaided (Recognized),2001,91.4514,25.1822,Operational,Rural,1,5,,,0,3,0,3,26,7,6,6,3,8,0,0,0,0,0,0,0,30,56
1496,Meghalaya,17,East Khasi Hills,274,,,Laitmawsiang,Mawlyndiar,170608038,793108,,MAWLYNDIAR CHURCH OF GOD SSA  UP SCHOOL,17060803803,Upper Primary only,Co. Educational,Department of Education,2001,91.4513,25.1822,Operational,Rural,6,8,,,0,4,0,3,0,0,0,0,0,0,5,6,2,0,0,0,0,13,13
1497,Meghalaya,17,East Khasi Hills,274,,,Laitmawsiang,Mawlyndiar,170608038,,,MAWLYNDIAR CHURCH OF GOD SECONDARY SCHOOL,17060803805,Secondary Only,Co. Educational,Unrecognized,2019,91.4513,25.1822,Operational,Rural,9,10,Others,,0,0,0,1,0,0,0,0,0,0,0,0,0,4,2,0,0,6,6
1498,Meghalaya,17,East Khasi Hills,274,,,Mawbeh,Mawbeh,170608039,793108,,MAWBEH GOVT. LP SCHOOL,17060803901,Primary,Co. Educational,Department of Education,1910,91.452,25.242,Operational,Rural,1,5,,,0,2,0,3,26,16,12,9,10,5,0,0,0,0,0,0,0,52,78
1499,Meghalaya,17,East Khasi Hills,274,,,Mawbeh,Mawbeh,170608039,793108,,MAWBEH PRESBYTERIAN SSA UP SCHOOL,17060803902,Upper Primary only,Co. Educational,Department of Education,1999,91.4511,25.249,Operational,Rural,6,8,,,0,3,0,4,0,0,0,0,0,0,25,20,13,0,0,0,0,58,58
1500,Meghalaya,17,East Khasi Hills,274,,,Mawbeh,Mawbeh,170608039,793108,,MAWBEH PRESBYTERIAN SECONDARY SCHOOL,17060803905,Secondary Only,Co. Educational,Private Unaided (Recognized),1999,91.4511,25.249,Operational,Rural,9,10,Others,,0,2,0,4,0,0,0,0,0,0,0,0,0,18,17,0,0,35,35
1501,Meghalaya,17,East Khasi Hills,274,,,Mawbeh,Mawbeh,170608039,793108,,MAWBEH PRESBYTERIAN LP SCHOOL,17060803906,Primary,Co. Educational,Unrecognized,2014,91.4511,25.249,Operational,Rural,1,5,,,0,3,0,4,25,7,10,5,9,15,0,0,0,0,0,0,0,46,71
1502,Meghalaya,17,East Khasi Hills,274,,,Mawbeh,Wahstew,170608040,793108,,WAHSTEW CHURCH OF GOD LP SCHOOL,17060804001,Primary,Co. Educational,Government Aided,1984,91.4555,25.2446,Operational,Rural,1,5,,,0,3,0,3,15,3,4,4,1,4,0,0,0,0,0,0,0,16,31
1503,Meghalaya,17,East Khasi Hills,274,,,Mawbeh,Laitsohma,170608041,793108,,ST. CECILIA SSA RCLP SCHOOL- LAITSOHMA,17060804101,Primary,Co. Educational,Department of Education,1960,91.4513,25.2445,Operational,Rural,1,5,,,0,2,0,2,25,11,8,5,11,6,0,0,0,0,0,0,0,41,66
1504,Meghalaya,17,East Khasi Hills,274,,,Mawbeh,Mawkalang,170608042,793108,,MAWKALANG PRESBYTERIAN LP SCHOOL,17060804201,Primary,Co. Educational,Government Aided,1988,91.4427,25.242,Operational,Rural,1,5,,,0,2,1,2,10,5,2,4,4,0,0,0,0,0,0,0,0,15,25
1505,Meghalaya,17,East Khasi Hills,274,,,Mawbeh,Steplakrai,170608043,793108,,SENG KHASI LP SCHOOL- STEPLAKRAI,17060804301,Primary,Co. Educational,Private Unaided (Recognized),1999,91.4537,25.2444,Operational,Rural,1,5,,,0,2,0,2,16,5,4,5,6,2,0,0,0,0,0,0,0,22,38
1506,Meghalaya,17,East Khasi Hills,274,,,Kukon Ladmawphlang,Ladmawphlang,170608044,793108,,R.K.M. SSA UP SCHOOL- LADMAWPHLANG,17060804401,Upper Primary only,Co. Educational,Department of Education,1962,91.4455,25.2213,Operational,Rural,6,8,,,0,3,0,5,0,0,0,0,0,0,28,29,18,0,0,0,0,75,75
1507,Meghalaya,17,East Khasi Hills,274,,,Kukon Ladmawphlang,Ladmawphlang,170608044,793108,,R.K.M. SSA LP SCHOOL LADMAWPHLANG,17060804402,Primary,Co. Educational,Department of Education,1962,91.4454,25.2213,Operational,Rural,1,5,,,0,5,0,7,24,15,9,14,17,20,0,0,0,0,0,0,0,75,99
1508,Meghalaya,17,East Khasi Hills,274,,,Kukon Ladmawphlang,Ladmawphlang,170608044,793108,,R.K.M. SECONDARY SCHOOL- LADMAWPHLANG,17060804403,Secondary Only,Co. Educational,Unrecognized,2017,91.4453,25.2212,Operational,Rural,9,10,Others,,0,2,2,4,0,0,0,0,0,0,0,0,0,18,6,0,0,24,24
1509,Meghalaya,17,East Khasi Hills,274,,,Laitlyngkot,Ramkheng,170608045,793110,,RAMKHENG SSA LP SCHOOL,17060804501,Primary,Co. Educational,Department of Education,2005,91.5026,25.2438,Operational,Rural,1,5,,,0,4,1,4,19,11,7,14,4,7,0,0,0,0,0,0,0,43,62
1510,Meghalaya,17,East Khasi Hills,274,,,Laitlyngkot,Ramkheng,170608045,793110,,RAMKHENG SSA UP SCHOOL,17060804502,Upper Primary only,Co. Educational,Department of Education,2005,91.5026,25.2438,Operational,Rural,6,8,,,0,3,1,4,0,0,0,0,0,0,5,3,5,0,0,0,0,13,13
1511,Meghalaya,17,East Khasi Hills,274,,,Laitlyngkot,Laitkynsew,170608046,793110,,LAITKYNSEW SSA  RCLP SCHOOL,17060804601,Primary,Co. Educational,Department of Education,1984,91.5154,25.254,Operational,Rural,1,5,,,0,3,1,3,31,9,3,4,2,0,0,0,0,0,0,0,0,18,49
1512,Meghalaya,17,East Khasi Hills,274,,,Laitkroh,Lumkyntung,170608048,793108,,LAMSHAPHRANG SENG KYNTHEI SSA LP SCHOOL- LUMKYNTUNG,17060804802,Primary,Co. Educational,Department of Education,2003,91.492,25.2838,Operational,Rural,1,5,,,0,5,0,3,44,18,15,18,13,15,0,0,0,0,0,0,0,79,123
1513,Meghalaya,17,East Khasi Hills,274,,,Laitkroh,Lumkyntung,170608048,793108,,LAMSHAPHRANG SENG KYNTHEI UP SCHOOL- LUMKYNTUNG,17060804803,Upper Primary only,Co. Educational,Unrecognized,2012,91.492,25.2725,Operational,Rural,6,8,,,0,0,0,2,0,0,0,0,0,0,7,2,6,0,0,0,0,15,15
1514,Meghalaya,17,East Khasi Hills,274,,,Kshaid,Pdei Puh Bsein,170608049,793108,,PDEI PUH BSEIN SSA RCLP SCHOOL PDEI,17060804901,Primary,Co. Educational,Department of Education,1980,91.4751,25.2032,Operational,Rural,1,5,,,0,2,0,2,13,7,5,5,3,2,0,0,0,0,0,0,0,22,35
1515,Meghalaya,17,East Khasi Hills,274,,,Khrang,Pdei Puh Bsein,170608049,793108,,SENG KHASI RAID PDEI  LP SCHOOL- PUHBSEIN,17060804902,Primary,Co. Educational,Unrecognized,2009,91.481,25.2018,Operational,Rural,1,5,,,0,1,0,3,27,5,4,4,3,3,0,0,0,0,0,0,0,19,46
1516,Meghalaya,17,East Khasi Hills,274,,,Kshaid,Pdei Puh Bsein,170608049,793108,,PDEI PUH BSEIN SSA RCUP SCHOOL PDEI,17060804903,Upper Primary only,Co. Educational,Department of Education,1980,91.4757,25.2033,Operational,Rural,6,8,,,0,3,0,3,0,0,0,0,0,0,3,0,3,0,0,0,0,6,6
1517,Meghalaya,17,East Khasi Hills,274,,,Khrang,Thangtim,170608050,793108,,THANGTIM PRESBYTERIAN SSA LP SCHOOL,17060805001,Primary,Co. Educational,Department of Education,1990,91.481,25.202,Operational,Rural,1,5,,,0,6,0,3,23,6,4,6,6,3,0,0,0,0,0,0,0,25,48
1518,Meghalaya,17,East Khasi Hills,274,,,Kshaid,Phong,170608051,793108,,PHONG PRESBYTERIAN SSA LP SCHOOL,17060805101,Primary,Co. Educational,Department of Education,1927,91.475,25.2055,Operational,Rural,1,5,,,0,2,0,2,17,6,2,2,3,2,0,0,0,0,0,0,0,15,32
1519,Meghalaya,17,East Khasi Hills,274,,,Kshaid,Phong,170608051,793108,,RANGPAJUN SSA RCLP SCHOOL,17060805102,Primary,Co. Educational,Department of Education,1925,91.4711,25.2055,Operational,Rural,1,5,,,0,3,0,2,27,6,7,2,3,5,0,0,0,0,0,0,0,23,50
1520,Meghalaya,17,East Khasi Hills,274,,,Nongbah- Mawshuit,Mawtongreng,170608052,793108,,MAWTONGRENG PRESBYTERIAN SSA  LP SCHOOL,17060805201,Primary,Co. Educational,Department of Education,1984,91.4815,25.1811,Operational,Rural,1,5,,,0,4,0,2,21,8,4,6,2,7,0,0,0,0,0,0,0,27,48
1521,Meghalaya,17,East Khasi Hills,274,,,Nongbah- Mawshuit,Nongbah,170608055,793108,,RCLP SSA SCHOOL- NONGBAH MAWSHUIT,17060805501,Primary,Co. Educational,Department of Education,1950,91.4758,25.1756,Operational,Rural,1,5,,,0,1,0,2,29,11,7,13,3,9,0,0,0,0,0,0,0,43,72
1522,Meghalaya,17,East Khasi Hills,274,,,Nongbah- Mawshuit,Nongbah,170608055,793108,,RCUP SSA SCHOOL- NONGBAH MAWSHUIT,17060805503,Upper Primary only,Co. Educational,Department of Education,1950,91.4755,25.1759,Operational,Rural,6,8,,,0,3,1,4,0,0,0,0,0,0,9,4,1,0,0,0,0,14,14
1523,Meghalaya,17,East Khasi Hills,274,,,Nongbah- Mawshuit,Dewiong,170608056,793108,,DEWIONG SSA  LP SCHOOL,17060805601,Primary,Co. Educational,Department of Education,1975,91.4725,25.1746,Operational,Rural,1,5,,,0,1,0,2,9,1,4,0,5,0,0,0,0,0,0,0,0,10,19
1524,Meghalaya,17,East Khasi Hills,274,,,Nongbah- Mawshuit,Jarain,170608057,793108,,JARAIN RCLP SCHOOL,17060805701,Primary,Co. Educational,Unrecognized,1994,91.4815,25.191,Operational,Rural,1,4,,,0,1,1,1,5,4,0,0,1,0,0,0,0,0,0,0,0,5,10
1525,Meghalaya,17,East Khasi Hills,274,,,Nongbah- Mawshuit,Jarain,170608057,793108,,JARAIN PRESBYTERIAN  LP SCHOOL,17060805702,Primary,Co. Educational,Private Unaided (Recognized),2005,91.4821,25.198,Operational,Rural,1,5,,,0,5,2,3,20,2,4,6,5,5,0,0,0,0,0,0,0,22,42
1526,Meghalaya,17,East Khasi Hills,274,,,Laitmawsiang,Mawbawein,170608059,793108,,MAWBAWEIN SSA LP SCHOOL,17060805901,Primary,Co. Educational,Department of Education,2005,91.4723,25.1629,Operational,Rural,1,5,,,0,2,1,2,15,4,2,6,0,4,0,0,0,0,0,0,0,16,31
1527,Meghalaya,17,East Khasi Hills,274,,,Laitmawsiang,Mawbawein,170608059,793108,,MAWBAWEIN SSA  UP SCHOOL,17060805902,Upper Primary only,Co. Educational,Department of Education,2005,91.4729,25.1628,Operational,Rural,6,8,,,0,3,0,3,0,0,0,0,0,0,1,2,1,0,0,0,0,4,4
1528,Meghalaya,17,East Khasi Hills,274,,,Laitkroh,Laitkynsew,170608060,793108,,LAITKROH PRESBYTERIAN SSA UP SCHOOL- LAITKYNSEW- LAITKROH,17060806002,Upper Primary only,Co. Educational,Department of Education,1998,91.4753,25.1628,Operational,Rural,6,8,,,0,3,1,5,0,0,0,0,0,0,30,8,11,0,0,0,0,49,49
1529,Meghalaya,17,East Khasi Hills,274,,,Laitkroh,Laitkynsew,170608060,793108,,LAITKROH PRESBYTERIAN SECONDARY SCHOOL- LAITKYNSEW- LAITKROH,17060806003,Secondary Only,Co. Educational,Unrecognized,1998,91.4753,25.2653,Operational,Rural,9,10,Others,,0,2,2,6,0,0,0,0,0,0,0,0,0,9,9,0,0,18,18
1530,Meghalaya,17,East Khasi Hills,274,,,Laitkroh,Laitkynsew,170608060,793108,,"LAITKROH PRESBYTERIAN SSA LP SCHOOL,LAITKYNSEW, LAITKROH",17060806004,Primary,Co. Educational,Department of Education,1998,91.4753,25.2628,Operational,Rural,1,5,,,0,3,0,5,86,24,19,25,15,17,0,0,0,0,0,0,0,100,186
1531,Meghalaya,17,East Khasi Hills,274,,,Laitlyngkot,Laitmawroh,170608061,793110,,LAITMAWROH GOVT. LP SCHOOL,17060806101,Primary,Co. Educational,Department of Education,1962,91.5047,25.2453,Operational,Rural,1,5,,,0,5,1,2,43,14,19,15,13,7,0,0,0,0,0,0,0,68,111
1532,Meghalaya,17,East Khasi Hills,274,,,Laitkroh,Khadarmer,170608062,793009,,KHADARMER RCLP SCHOOL,17060806201,Primary,Co. Educational,Government Aided,1957,91.494,25.2824,Operational,Rural,1,5,,,0,6,1,4,64,23,21,18,22,15,0,0,0,0,0,0,0,99,163
1533,Meghalaya,17,East Khasi Hills,274,,,Laitkroh,Khadarmer,170608062,793009,,"SENG KHASI LP SCHOOL, KHADARMER",17060806202,Primary,Co. Educational,Private Unaided (Recognized),2004,91.495,25.3835,Operational,Rural,1,5,,,0,4,2,2,23,12,9,9,9,4,0,0,0,0,0,0,0,43,66
1534,Meghalaya,17,East Khasi Hills,274,,,Laitkroh,Khadarmer,170608062,793009,,LAMJINGSHAI SSA & RMSA SECONDARY SCHOOL KHADARMER,17060806203,Upper Pri. and Secondary,Co. Educational,Department of Education,2006,91.462,25.2838,Operational,Rural,6,10,Others,,0,5,8,10,0,0,0,0,0,0,31,39,28,29,32,0,0,159,159
1535,Meghalaya,17,East Khasi Hills,274,,,Laitkroh,Khadarmer,170608062,793009,,UMLYMPUNG PRESBYTERIAN LP SCHOOL,17060806208,Primary,Co. Educational,Government Aided,1954,91.4857,25.2819,Operational,Rural,1,5,,,0,9,2,9,95,50,23,42,23,16,0,0,0,0,0,0,0,154,249
1536,Meghalaya,17,East Khasi Hills,274,,,Laitkroh,Khadarmer,170608062,793009,,BALANG U KHRIST SSA UP SCHOOL- UMLYMPUNG,17060806209,Upper Primary only,Co. Educational,Department of Education,2007,91.4858,25.2821,Operational,Rural,6,8,,,0,5,0,3,0,0,0,0,0,0,5,2,2,0,0,0,0,9,9
1537,Meghalaya,17,East Khasi Hills,274,,,Laitkroh,Khadarmer,170608062,793009,,"BALANG U KHRIST LP SCHOOL, UMLYMPUNG, KHADARMER",17060806210,Primary,Co. Educational,Private Unaided (Recognized),2007,91.4858,25.2821,Operational,Rural,1,5,,,0,4,1,4,26,7,15,6,4,16,0,0,0,0,0,0,0,48,74
1538,Meghalaya,17,East Khasi Hills,274,,,Sder,Sder,170608063,793108,,SDER PRESBYTERIAN SSA LP SCHOOL,17060806301,Primary,Co. Educational,Department of Education,2008,91.4942,25.178,Operational,Rural,1,5,,,0,2,0,2,28,3,4,4,9,4,0,0,0,0,0,0,0,24,52
1539,Meghalaya,17,East Khasi Hills,274,,,Sder,Sder,170608063,793108,,SDER PRESBYTERIAN SSA UP SCHOOL,17060806302,Upper Primary only,Co. Educational,Department of Education,2008,91.4942,25.178,Operational,Rural,6,8,,,0,1,0,3,0,0,0,0,0,0,3,4,2,0,0,0,0,9,9
1540,Meghalaya,17,East Khasi Hills,274,,,Sder,Mawsohmad,170608064,793108,,MAWSOHMAD PRESBYTERIAN LP SCHOOL,17060806401,Primary,Co. Educational,Government Aided,1970,91.5013,25.183,Operational,Rural,1,5,,,0,1,0,2,8,7,13,10,6,3,0,0,0,0,0,0,0,39,47
1541,Meghalaya,17,East Khasi Hills,274,,,Nongkynrih,Iew Shyllong,170608065,793110,,"J.S. MEMORIAL LP SSA SCHOOL, IEWSHYLLONG",17060806504,Primary,Co. Educational,Department of Education,2004,91.5034,25.2654,Operational,Rural,1,5,,,0,10,0,5,166,34,41,32,19,13,0,0,0,0,0,0,0,139,305
1542,Meghalaya,17,East Khasi Hills,274,,,Nongkynrih,Iew Shyllong,170608065,793110,,J.S. MEMORIAL UP SSA SCHOOL- IEWSHYLLONG,17060806505,Upper Primary only,Co. Educational,Department of Education,2004,91.5034,25.2654,Operational,Rural,6,8,,,0,3,0,5,0,0,0,0,0,0,19,12,12,0,0,0,0,43,43
1543,Meghalaya,17,East Khasi Hills,274,,,Laitlyngkot,Iew Shyllong,170608065,793110,,WAHSHNONG LP SCHOOL,17060806507,Primary,Co. Educational,Government Aided,1985,91.5028,25.271,Operational,Rural,1,5,,,0,4,0,4,6,6,5,4,1,7,0,0,0,0,0,0,0,23,29
1544,Meghalaya,17,East Khasi Hills,274,,,Nongkynrih,Iew Shyllong,170608065,793110,,MAW-U-MEN RCLP SCHOOL- IEWSHYLLONG,17060806508,Primary,Co. Educational,Government Aided,1984,91.5228,25.266,Operational,Rural,1,5,,,0,7,2,5,48,26,40,39,38,44,0,0,0,0,0,0,0,187,235
1545,Meghalaya,17,East Khasi Hills,274,,,Laitlyngkot,Iew Shyllong,170608065,793110,,"ST. PETER'S RCLP SCHOOL, IEWSHYLLONG",17060806509,Primary,Co. Educational,Government Aided,1949,91.5019,25.2647,Operational,Rural,1,5,,,0,7,1,8,87,37,32,30,23,20,0,0,0,0,0,0,0,142,229
1546,Meghalaya,17,East Khasi Hills,274,,,Nongkynrih,Iew Shyllong,170608065,793110,,ST. PETER'S UP & SECONDARY SCHOOL- IEWSHYLLONG,17060806510,Upper Pri. and Secondary,Co. Educational,Government Aided,1967,91.5228,25.266,Operational,Rural,6,10,State Board,,0,9,7,14,0,0,0,0,0,0,90,101,78,108,57,0,0,434,434
1547,Meghalaya,17,East Khasi Hills,274,,,Nongkynrih,Iew Shyllong,170608065,793110,,J.S MEMORIAL ENGLISH SECONDARY SCHOOL- IEWSHYLLONG,17060806511,Secondary Only,Co. Educational,Unrecognized,2004,91.5034,25.2654,Operational,Rural,9,10,Others,,0,2,0,5,0,0,0,0,0,0,0,0,0,7,7,0,0,14,14
1548,Meghalaya,17,East Khasi Hills,274,,,Nongkynrih,Iew Shyllong,170608065,793110,,"ST. PETER'S ENGLISH SCHOOL LP SECTION, IEWSHYLLONG",17060806512,Primary,Co. Educational,Unrecognized,2007,91.5052,25.2657,Operational,Rural,1,5,,,0,9,9,9,99,26,29,34,27,17,0,0,0,0,0,0,0,133,232
1549,Meghalaya,17,East Khasi Hills,274,,,Laitlyngkot,Iew Mawiong,170608066,793110,,IEW MAWIONG RCLP SCHOOL,17060806601,Primary,Co. Educational,Unrecognized,1991,91.514,25.2546,Operational,Rural,1,5,,,0,3,0,3,25,7,9,5,4,0,0,0,0,0,0,0,0,25,50
1550,Meghalaya,17,East Khasi Hills,274,,,Laitlyngkot,Iew Mawiong,170608066,793110,,IEW MAWIONG  SSA UP SCHOOL,17060806602,Upper Primary only,Co. Educational,Department of Education,2008,91.5054,25.2604,Operational,Rural,6,8,,,0,3,1,3,0,0,0,0,0,0,4,6,7,0,0,0,0,17,17
1551,Meghalaya,17,East Khasi Hills,274,,,Laitlyngkot,Iew Mawiong,170608066,793110,,IEWMAWIONG GOVT. LP SCHOOL,17060806603,Primary,Co. Educational,Department of Education,1964,91.5051,25.266,Operational,Rural,1,5,,,0,5,1,3,28,10,5,9,8,6,0,0,0,0,0,0,0,38,66
1552,Meghalaya,17,East Khasi Hills,274,,,Laitlyngkot,Iew Mawiong,170608066,793110,,IEWMAWIONG LP SCHOOL,17060806604,Primary,Co. Educational,Unrecognized,2008,91.5051,25.2651,Operational,Rural,1,4,,,0,1,0,2,10,6,3,6,5,0,0,0,0,0,0,0,0,20,30
1553,Meghalaya,17,East Khasi Hills,274,,,Nongkynrih,Wahtyngngai,170608067,793110,,WAHTYNGNGAI SSA LP SCHOOL,17060806701,Primary,Co. Educational,Department of Education,2005,91.5159,25.2712,Operational,Rural,1,5,,,0,5,1,3,35,27,21,23,13,15,0,0,0,0,0,0,0,99,134
1554,Meghalaya,17,East Khasi Hills,274,,,Nongkynrih,Wahtyngngai,170608067,793110,,WAHTYNGNGAI SSA UP SCHOOL,17060806702,Upper Primary only,Co. Educational,Department of Education,2005,91.5151,25.2711,Operational,Rural,6,8,,,0,3,0,4,0,0,0,0,0,0,26,37,20,0,0,0,0,83,83
1555,Meghalaya,17,East Khasi Hills,274,,,Nongkynrih,Wahtyngngai,170608067,793110,,"UMMLUH SSA LP SCHOOL, WAHTYNGNGAI",17060806703,Primary,Co. Educational,Department of Education,2005,91.5137,25.2731,Operational,Rural,1,5,,,0,4,0,2,9,7,5,7,3,4,0,0,0,0,0,0,0,26,35
1556,Meghalaya,17,East Khasi Hills,274,,,Nongkynrih,Madan Football,170608069,793110,,MADAN FOOTBALL SSA LP SCHOOL,17060806901,Primary,Co. Educational,Department of Education,2005,91.1517,25.2715,Operational,Rural,1,5,,,0,7,1,3,46,14,5,10,9,15,0,0,0,0,0,0,0,53,99
1557,Meghalaya,17,East Khasi Hills,274,,,Sohrarim,Wahsohra,170608072,793108,,WAHSOHRA SSA LP SCHOOL,17060807201,Primary,Co. Educational,Department of Education,2005,91.457,25.2043,Operational,Rural,1,5,,,0,3,0,2,6,5,4,6,6,4,0,0,0,0,0,0,0,25,31
1558,Meghalaya,17,East Khasi Hills,274,,,Kshaid,Tyniar,170608073,793108,,TYNIAR PRESBYTERIAN SSA LP SCHOOL,17060807301,Primary,Co. Educational,Department of Education,1962,91.453,25.218,Operational,Rural,1,5,,,0,5,0,2,17,2,2,5,4,6,0,0,0,0,0,0,0,19,36
1559,Meghalaya,17,East Khasi Hills,274,,,Kshaid,Tyniar,170608073,793108,,MORNING STAR LP SCHOOL IT THANGSHER,17060807302,Primary,Co. Educational,Unrecognized,2014,91.4544,25.2055,Operational,Rural,1,5,,,0,1,0,1,3,1,0,0,0,2,0,0,0,0,0,0,0,3,6
1560,Meghalaya,17,East Khasi Hills,274,,,Laitmawsiang,Rymmai,170608076,793108,,RYMMAI SSA LP SCHOOL,17060807601,Primary,Co. Educational,Department of Education,2008,91.4636,25.1744,Operational,Rural,1,5,,,0,3,0,2,13,0,4,2,4,4,0,0,0,0,0,0,0,14,27
1561,Meghalaya,17,East Khasi Hills,274,,,Laitmawsiang,Mawshken,170608077,793108,,MAWSHKEN SSA LP SCHOOL,17060807701,Primary,Co. Educational,Department of Education,2008,91.464,25.1725,Operational,Rural,1,5,,,0,3,0,2,10,2,1,2,4,1,0,0,0,0,0,0,0,10,20
1562,Meghalaya,17,East Khasi Hills,274,,,Mawbeh,Synrang Shohnoh,170608078,793108,,SYNRANG SHOHNOH SSA LP SCHOOL,17060807801,Primary,Co. Educational,Department of Education,2005,91.4636,25.2411,Operational,Rural,1,5,,,0,3,1,2,35,9,14,12,9,16,0,0,0,0,0,0,0,60,95
1563,Meghalaya,17,East Khasi Hills,274,,,Sder,Warbah,170608080,793108,,WARBAH PRESBYTERIAN LP SCHOOL,17060808001,Primary,Co. Educational,Government Aided,1987,91.5021,25.177,Operational,Rural,1,5,,,0,1,0,2,4,3,4,1,4,1,0,0,0,0,0,0,0,13,17
1564,Meghalaya,17,East Khasi Hills,274,,,Sder,Khohber,170608081,793108,,KHOHBER SSA LP SCHOOL,17060808102,Primary,Co. Educational,Department of Education,2000,91.497,25.1643,Operational,Rural,1,5,,,0,4,0,2,5,0,0,3,0,2,0,0,0,0,0,0,0,5,10
1565,Meghalaya,17,East Khasi Hills,274,,,Laitkroh,Diengkynthong,170608083,793108,,DIENGKYNTHONG SSA UP SCHOOL,17060808301,Upper Primary only,Co. Educational,Department of Education,1975,91.4819,25.2612,Operational,Rural,6,8,,,0,2,0,4,0,0,0,0,0,0,23,16,18,0,0,0,0,57,57
1566,Meghalaya,17,East Khasi Hills,274,,,Laitkroh,Diengkynthong,170608083,793108,,DIENGKYNTHONG LP SCHOOL,17060808302,Primary,Co. Educational,Government Aided,1975,91.4819,25.2612,Operational,Rural,1,5,,,0,6,2,7,34,8,16,11,12,19,0,0,0,0,0,0,0,66,100
1567,Meghalaya,17,East Khasi Hills,274,,,Laitkroh,Diengkynthong,170608083,793111,,DIENGKYNTHONG SECONDARY SCHOOL,17060808304,Secondary Only,Co. Educational,Unrecognized,2016,91.4819,25.2612,Operational,Rural,9,10,Others,,0,2,0,3,0,0,0,0,0,0,0,0,0,16,5,0,0,21,21
1568,Meghalaya,17,East Khasi Hills,274,,,Kshaid,Mawlngad,170608085,793108,,RCLP SCHOOL MAWLNGAD,17060808501,Primary,Co. Educational,Unrecognized,2005,91.4643,25.2118,Operational,Rural,1,5,,,0,1,0,2,7,2,1,1,2,1,0,0,0,0,0,0,0,7,14
1569,Meghalaya,17,East Khasi Hills,274,,,Sder,Myiong,170608086,793108,,SENG KHASI LP SCHOOL MYIONG,17060808602,Primary,Co. Educational,Unrecognized,2005,91.4956,25.183,Operational,Rural,1,5,,,0,1,0,2,7,2,1,0,0,0,0,0,0,0,0,0,0,3,10
1570,Meghalaya,17,East Khasi Hills,274,,,Nongkynrih,Jalynteng,170608087,793110,,NONGKYNRIH GOVT. LP SCHOOL- JALYNTENG,17060808701,Primary,Co. Educational,Department of Education,1956,91.5141,25.273,Operational,Rural,1,5,,,0,5,0,1,45,8,8,11,6,8,0,0,0,0,0,0,0,41,86
1571,Meghalaya,17,East Khasi Hills,274,,,Nongkynrih,Jalynteng,170608087,793110,,SENG KHASI NONGKYNRIH SSA UP SCHOOL- JALYNTENG,17060808702,Upper Primary only,Co. Educational,Department of Education,2007,91.516,25.2741,Operational,Rural,6,8,,,0,3,1,4,0,0,0,0,0,0,24,15,16,0,0,0,0,55,55
8946,Meghalaya,17,West Garo Hills,278,,,Debragre Crc,Debragre,170102001,794109,,DEBRAGRE UPS,17010200101,Upper Primary only,Co. Educational,Government Aided,1983,90.013611,25.759444,Operational,Rural,6,8,,,0,3,0,5,0,0,0,0,0,0,15,18,11,0,0,0,0,44,44
8947,Meghalaya,17,West Garo Hills,278,,,Debragre Crc,Debragre,170102001,794109,,DEBRAGRE GOVT. LPS,17010200102,Primary,Co. Educational,Department of Education,1965,90.295,25.616111,Operational,Rural,1,5,,,0,1,0,1,0,37,9,6,2,0,0,0,0,0,0,0,0,54,54
8948,Meghalaya,17,West Garo Hills,278,,,Debragre Crc,Debragre,170102001,794109,,DEBRAGRE SECONDARY SCHOOL,17010200103,Secondary Only,Co. Educational,Government Aided,2001,90.013611,25.759444,Operational,Rural,9,10,State Board,,0,2,1,4,0,0,0,0,0,0,0,0,0,15,15,0,0,30,30
8949,Meghalaya,17,West Garo Hills,278,,,Egopara Crc,Amonggri,170102002,794109,,AMONGGRI GOVT. LPS,17010200201,Primary,Co. Educational,Department of Education,1970,90.236361,25.849417,Operational,Rural,1,5,,,0,1,0,2,25,20,8,16,14,10,0,0,0,0,0,0,0,68,93
8950,Meghalaya,17,West Garo Hills,278,,,Egopara Crc,Amonggri,170102002,794109,,AMONGGRI GOVT. AIDED UPS,17010200202,Upper Primary only,Co. Educational,Government Aided,1997,90.247139,25.832889,Operational,Rural,6,8,,,0,3,0,4,0,0,0,0,0,0,22,22,14,0,0,0,0,58,58
8951,Meghalaya,17,West Garo Hills,278,,,Debragre Crc,Amonggri,170102002,794109,,AMONGGRE SECONDARY SCHOOL,17010200203,Secondary Only,Co. Educational,Private Unaided (Recognized),2009,90.247194,25.832389,Operational,Rural,9,10,State Board,,0,2,1,5,0,0,0,0,0,0,0,0,0,9,10,0,0,19,19
8952,Meghalaya,17,West Garo Hills,278,,,Debragre Crc,Dajugre,170102003,794109,,DAJUGRE NON-GOVT. LPS,17010200301,Primary,Co. Educational,Government Aided,1999,90.899722,25.841944,Operational,Rural,1,5,,,0,4,0,1,35,10,10,17,7,6,0,0,0,0,0,0,0,50,85
8953,Meghalaya,17,West Garo Hills,278,,,Egopara Crc,Dinganpara,170102004,794109,,DINGANPARA SSA UPS,17010200402,Upper Primary only,Co. Educational,Department of Education,2008,90.217667,25.917194,Operational,Rural,6,8,,,0,3,0,3,0,0,0,0,0,0,4,11,6,0,0,0,0,21,21
8954,Meghalaya,17,West Garo Hills,278,,,Egopara Crc,Dinganpara,170102004,794109,,DINGANPARA GOVT. LPS,17010200403,Primary,Co. Educational,Department of Education,1962,90.955,25.539722,Operational,Rural,1,5,,,0,3,3,3,76,23,20,13,9,18,0,0,0,0,0,0,0,83,159
8955,Meghalaya,17,West Garo Hills,278,,,Debragre Crc,Tongapara,170102005,794109,,TONGAPARA GOVT. LPS,17010200501,Primary,Co. Educational,Department of Education,1963,90.571667,25.189722,Operational,Rural,1,5,,,0,2,0,2,13,15,2,6,6,1,0,0,0,0,0,0,0,30,43
8956,Meghalaya,17,West Garo Hills,278,,,Debragre Crc,Rangsagre,170102006,794109,,RANGSAGRE GOVT. LPS,17010200601,Primary,Co. Educational,Department of Education,1956,90.20875,25.835778,Operational,Rural,1,5,,,0,2,0,2,0,12,17,9,8,2,0,0,0,0,0,0,0,48,48
8957,Meghalaya,17,West Garo Hills,278,,,Debragre Crc,Rangsagre,170102006,794109,,LOWER RANGSAGRE SSA LPS,17010200602,Primary,Co. Educational,Department of Education,2010,90.210083,25.838472,Operational,Rural,1,5,,,0,2,0,2,0,16,12,7,3,3,0,0,0,0,0,0,0,41,41
8958,Meghalaya,17,West Garo Hills,278,,,Debragre Crc,Rangsagre,170102006,794109,,RANGSAGRE SSA UPS,17010200604,Upper Primary only,Co. Educational,Department of Education,2010,90.208833,25.839694,Operational,Rural,6,8,,,0,3,0,3,0,0,0,0,0,0,25,36,31,0,0,0,0,92,92
8959,Meghalaya,17,West Garo Hills,278,,,Debragre Crc,Tepatanggre,170102007,794109,,TEPATANGGRE NON-GOVT. LPS,17010200701,Primary,Co. Educational,Government Aided,1995,90.211056,25.8525,Operational,Rural,1,5,,,0,2,0,2,10,10,7,0,0,0,0,0,0,0,0,0,0,17,27
8960,Meghalaya,17,West Garo Hills,278,,,Debragre Crc,Tepatanggre,170102007,794109,,TEPATANGGRE SSA LPS,17010200702,Primary,Co. Educational,Department of Education,2006,90.508333,25.780833,Operational,Rural,1,5,,,0,3,0,2,0,10,14,10,18,5,0,0,0,0,0,0,0,57,57
8961,Meghalaya,17,West Garo Hills,278,,,Debragre Crc,Tepatanggre,170102007,794109,,TEPATANGGRE SSA UPS,17010200703,Upper Primary only,Co. Educational,Department of Education,2010,90.508333,25.780833,Operational,Rural,6,8,,,0,3,0,3,0,0,0,0,0,0,14,15,8,0,0,0,0,37,37
8962,Meghalaya,17,West Garo Hills,278,,,Egopara Crc,Egopara,170102008,794109,,EGOPARA GOVT. LPS,17010200801,Primary,Co. Educational,Department of Education,1970,90.233889,25.884417,Operational,Rural,1,5,,,0,1,1,2,0,9,12,10,3,7,0,0,0,0,0,0,0,41,41
8963,Meghalaya,17,West Garo Hills,278,,,Egopara Crc,Egopara,170102008,794109,,EGOPARA SSA UPS,17010200802,Upper Primary only,Co. Educational,Department of Education,2008,90.231944,25.887472,Operational,Rural,6,8,,,0,3,3,3,0,0,0,0,0,0,17,9,7,0,0,0,0,33,33
8964,Meghalaya,17,West Garo Hills,278,,,Egopara Crc,Domesalgre,170102009,794109,,DOMESALGRE LPS,17010200901,Primary,Co. Educational,Department of Education,1965,90.201944,25.364444,Operational,Rural,1,5,,,0,1,1,2,35,6,10,2,2,4,0,0,0,0,0,0,0,24,59
8965,Meghalaya,17,West Garo Hills,278,,,Egopara Crc,Domesalgre,170102009,794109,,LOWER DOMESALGRE SSA LPS,17010200902,Primary,Co. Educational,Department of Education,2003,90.132222,25.362778,Operational,Rural,1,5,,,0,1,1,2,20,14,10,10,9,9,0,0,0,0,0,0,0,52,72
8966,Meghalaya,17,West Garo Hills,278,,,Egopara Crc,Dolwakgre,170102010,794109,,DOLWAKGRE GOVT. LPS,17010201001,Primary,Co. Educational,Department of Education,1969,90.920556,25.260833,Operational,Rural,1,5,,,0,2,2,2,0,27,8,13,7,8,0,0,0,0,0,0,0,63,63
8967,Meghalaya,17,West Garo Hills,278,,,Egopara Crc,Dolwakgre,170102010,794109,,DOLWAKGRE UPS,17010201002,Upper Primary only,Co. Educational,Department of Education,2008,90.928889,25.235833,Operational,Rural,6,8,,,0,3,1,4,0,0,0,0,0,0,9,12,7,0,0,0,0,28,28
8968,Meghalaya,17,West Garo Hills,278,,,Debragre Crc,Kentapara,170102011,794109,,KENTAPARA GOVT. LPS,17010201101,Primary,Co. Educational,Department of Education,1965,90.924444,25.434722,Operational,Rural,1,5,,,0,2,0,2,0,16,12,7,3,3,0,0,0,0,0,0,0,41,41
8969,Meghalaya,17,West Garo Hills,278,,,Debragre Crc,Kentapara,170102011,794109,,KENTAPARA SSA UPS,17010201102,Upper Primary only,Co. Educational,Department of Education,2008,90.073056,25.259722,Operational,Rural,6,8,,,0,3,0,4,0,0,0,0,0,0,30,17,13,0,0,0,0,60,60
8970,Meghalaya,17,West Garo Hills,278,,,Egopara Crc,Rongjigre,170102012,794109,,RONGJIGRE GOVT. LPS,17010201201,Primary,Co. Educational,Department of Education,1966,90.795833,25.337222,Operational,Rural,1,5,,,0,1,0,2,0,4,3,5,1,3,0,0,0,0,0,0,0,16,16
8971,Meghalaya,17,West Garo Hills,278,,,Debragre Crc,Cheran Songgitcham,170102013,794104,,CHERAN SONGGITCHAM LPS,17010201301,Primary,Co. Educational,Department of Education,2001,90.444167,25.291111,Operational,Rural,1,5,,,0,2,0,2,19,11,10,13,15,9,0,0,0,0,0,0,0,58,77
8972,Meghalaya,17,West Garo Hills,278,,,Debragre Crc,Cheran Songgitcham,170102013,794104,,CHERAN SONGGITCHAM SSA UPS,17010201302,Upper Primary only,Co. Educational,Department of Education,2010,90.444167,25.291111,Operational,Rural,6,8,,,0,3,0,4,0,0,0,0,0,0,12,10,9,0,0,0,0,31,31
8973,Meghalaya,17,West Garo Hills,278,,,Sotmarenggre Crc,Chisikgre,170102014,794104,,CHIKSIKGRE UPS,17010201401,Upper Primary only,Co. Educational,Department of Education,2006,90.484167,25.540278,Operational,Rural,6,8,,,0,3,0,4,0,0,0,0,0,0,2,8,4,0,0,0,0,14,14
8974,Meghalaya,17,West Garo Hills,278,,,Sotmarenggre Crc,Chisikgre,170102014,794109,,CHISIKGRE SSA LPS,17010201402,Primary,Co. Educational,Department of Education,2007,90.4925,25.543611,Operational,Rural,1,5,,,0,2,0,2,0,6,7,4,3,0,0,0,0,0,0,0,0,20,20
8975,Meghalaya,17,West Garo Hills,278,,,Egopara Crc,Megapgre,170102015,794104,,MEGAPGRE SSA LPS,17010201501,Primary,Co. Educational,Department of Education,2009,90.43,25.758056,Operational,Rural,1,5,,,0,1,0,2,0,18,10,9,7,0,0,0,0,0,0,0,0,44,44
8976,Meghalaya,17,West Garo Hills,278,,,Egopara Crc,Ganggalagre,170102019,794109,,GANGGALAGRE SSA LPS,17010201901,Primary,Co. Educational,Department of Education,2006,90.738889,25.850833,Operational,Rural,1,5,,,0,1,0,2,8,5,2,2,4,5,0,0,0,0,0,0,0,18,26
8977,Meghalaya,17,West Garo Hills,278,,,Egopara Crc,Rongbokkosakgre,170102020,794109,,RONGBOKKOSAKGRE SSA LPS,17010202001,Primary,Co. Educational,Department of Education,2004,90.6725,25.588889,Operational,Rural,1,5,,,0,1,1,2,7,9,11,6,3,1,0,0,0,0,0,0,0,30,37
8978,Meghalaya,17,West Garo Hills,278,,,Egopara Crc,Rongbokkosakgre,170102020,794109,,LOWER RONGBOKKOSAKGRE UPS,17010202002,Upper Primary only,Co. Educational,Department of Education,2006,90.730833,25.630556,Operational,Rural,6,8,,,0,3,0,4,0,0,0,0,0,0,4,5,4,0,0,0,0,13,13
8979,Meghalaya,17,West Garo Hills,278,,,Debragre Crc,Rongmitchigre,170102021,794109,,RONGMITCHIGRE SSA LPS,17010202101,Primary,Co. Educational,Department of Education,2010,90.165278,25.939444,Operational,Rural,1,5,,,0,2,0,2,10,13,4,4,2,2,0,0,0,0,0,0,0,25,35
8980,Meghalaya,17,West Garo Hills,278,,,Sadolpara Crc,Chibong Songgitcham,170102022,794003,,CHIBONG SONGGITCHAM SSA LPS,17010202201,Primary,Co. Educational,Department of Education,2006,90.446389,25.469722,Operational,Rural,1,5,,,0,2,0,2,0,15,4,4,6,6,0,0,0,0,0,0,0,35,35
8981,Meghalaya,17,West Garo Hills,278,,,Magalpara Crc,Tomagre,170102023,794003,,TOMAGRE SSA LPS,17010202301,Primary,Co. Educational,Department of Education,2004,90.130722,25.76575,Operational,Rural,1,5,,,0,1,0,2,12,2,3,12,10,5,0,0,0,0,0,0,0,32,44
8982,Meghalaya,17,West Garo Hills,278,,,Egopara Crc,Balsatgre,170102024,794109,,BALSATGRE LPS,17010202401,Primary,Co. Educational,Department of Education,1968,90.230556,25.818167,Operational,Rural,1,5,,,0,2,0,2,18,15,11,8,4,2,0,0,0,0,0,0,0,40,58
8983,Meghalaya,17,West Garo Hills,278,,,Saka Boldakgre Crc,Dilsigre,170102025,794003,,DILSIGRE RMSA SECONDARY SCHOOL,17010202501,Upper Pri. and Secondary,Co. Educational,Department of Education,2002,90.209194,25.732833,Operational,Rural,6,10,State Board,,0,5,0,10,0,0,0,0,0,0,30,27,22,29,27,0,0,135,135
8984,Meghalaya,17,West Garo Hills,278,,,Saka Boldakgre Crc,Dilsigre,170102025,794003,,DILSIGRE GOVT. LPS,17010202502,Primary,Co. Educational,Department of Education,1974,90.207667,25.73325,Operational,Rural,1,5,,,0,1,1,2,0,9,15,15,14,7,0,0,0,0,0,0,0,60,60
8985,Meghalaya,17,West Garo Hills,278,,,Saka Boldakgre Crc,Dilsigre,170102025,794003,,DILSIGRE SECONDARY SCHOOL,17010202503,Secondary Only,Co. Educational,Private Unaided (Recognized),2005,90.207861,25.733028,Operational,Rural,9,10,State Board,,0,3,6,5,0,0,0,0,0,0,0,0,0,15,25,0,0,40,40
8986,Meghalaya,17,West Garo Hills,278,,,Damal Asim Crc,Rongkemgre,170102026,794003,,RONGKEMGRE LPS,17010202601,Primary,Co. Educational,Department of Education,1973,90.672778,25.478611,Operational,Rural,1,5,,,0,2,0,2,0,4,2,4,7,6,0,0,0,0,0,0,0,23,23
8987,Meghalaya,17,West Garo Hills,278,,,Damal Asim Crc,Dagalgre,170102027,794003,,DAGALGRE NON-GOVT. LPS,17010202701,Primary,Co. Educational,Government Aided,1998,90.253056,25.791944,Operational,Rural,1,5,,,0,1,0,1,15,6,5,5,4,1,0,0,0,0,0,0,0,21,36
8988,Meghalaya,17,West Garo Hills,278,,,Damal Asim Crc,Madarigre,170102028,794003,,MADARIGRE GOVT. LPS,17010202801,Primary,Co. Educational,Department of Education,1975,90.605833,25.638611,Operational,Rural,1,5,,,0,2,0,2,0,29,7,7,4,6,0,0,0,0,0,0,0,53,53
8989,Meghalaya,17,West Garo Hills,278,,,Damal Asim Crc,Dipogre,170102029,794003,,DIPOGRE GOVT. LPS,17010202901,Primary,Co. Educational,Department of Education,1962,90.091111,25.600833,Operational,Rural,1,5,,,0,2,0,2,45,20,13,15,19,11,0,0,0,0,0,0,0,78,123
8990,Meghalaya,17,West Garo Hills,278,,,Damal Asim Crc,Aigre Apal,170102030,794003,,AIGRE APAL LPS,17010203001,Primary,Co. Educational,Department of Education,1951,90.766111,25.795833,Operational,Rural,1,5,,,0,2,0,2,0,5,2,1,3,1,0,0,0,0,0,0,0,12,12
8991,Meghalaya,17,West Garo Hills,278,,,Damal Asim Crc,Tebronggre,170102031,794003,,TEBRONGGRE GOVT. LPS,17010203101,Primary,Co. Educational,Department of Education,1965,90.714167,25.521389,Operational,Rural,1,5,,,0,2,1,2,0,7,2,6,1,2,0,0,0,0,0,0,0,18,18
8992,Meghalaya,17,West Garo Hills,278,,,Damal Asim Crc,Tebronggre,170102031,794003,,TEBRONGGRE SONGGITCHAM SSA LPS,17010203103,Primary,Co. Educational,Department of Education,2004,90.267444,25.800694,Operational,Rural,1,5,,,0,1,0,2,34,8,4,6,5,4,0,0,0,0,0,0,0,27,61
8993,Meghalaya,17,West Garo Hills,278,,,Damal Asim Crc,Tebronggre,170102031,794003,,TEBRONGGRE UPS,17010203104,Upper Primary only,Co. Educational,Department of Education,2005,90.544167,25.549722,Operational,Rural,6,8,,,0,3,0,4,0,0,0,0,0,0,3,6,6,0,0,0,0,15,15
8994,Meghalaya,17,West Garo Hills,278,,,Damal Asim Crc,Baljek Songgitcham,170102032,794003,,BALJEK SONGGITCHAM GOVT. LPS,17010203201,Primary,Co. Educational,Department of Education,1957,90.611944,25.363889,Operational,Rural,1,5,,,0,2,0,2,0,0,9,12,16,9,0,0,0,0,0,0,0,46,46
8995,Meghalaya,17,West Garo Hills,278,,,Ajigre Crc,Dallanggre,170102033,794003,,DALLANGGRE LPS,17010203301,Primary,Co. Educational,Department of Education,1974,90.628611,25.476667,Operational,Rural,1,5,,,0,2,0,2,70,8,8,3,5,2,0,0,0,0,0,0,0,26,96
8996,Meghalaya,17,West Garo Hills,278,,,Ajigre Crc,Dallanggre,170102033,794003,,DALLANNGRE SSA UPS,17010203302,Upper Primary only,Co. Educational,Department of Education,2009,90.310278,25.356944,Operational,Rural,6,8,,,0,1,1,4,0,0,0,0,0,0,13,7,4,0,0,0,0,24,24
8997,Meghalaya,17,West Garo Hills,278,,,Ajigre Crc,Kosigre,170102034,794003,,KOSIGRE SSA LPS,17010203401,Primary,Co. Educational,Department of Education,2001,90.505556,25.318333,Operational,Rural,1,5,,,0,2,0,2,0,3,12,3,4,4,0,0,0,0,0,0,0,26,26
8998,Meghalaya,17,West Garo Hills,278,,,Damal Asim Crc,Nengchonggre,170102035,794003,,NENGCHONGGRE LPS,17010203501,Primary,Co. Educational,Department of Education,1989,90.313667,25.799028,Operational,Rural,1,5,,,0,1,0,2,17,2,3,2,3,6,0,0,0,0,0,0,0,16,33
8999,Meghalaya,17,West Garo Hills,278,,,Damal Asim Crc,Nengchonggre,170102035,794104,,NENGCHONGGRE SSA UPS,17010203502,Upper Primary only,Co. Educational,Department of Education,2010,90.313639,25.799861,Operational,Rural,6,8,,,0,3,0,3,0,0,0,0,0,0,5,4,5,0,0,0,0,14,14
9000,Meghalaya,17,West Garo Hills,278,,,Damal Asim Crc,Nengchonggre,170102035,794109,,MOUNT SINAI ENGLISH SCHOOL,17010203503,Primary,Co. Educational,Private Unaided (Recognized),2015,90.31575,25.800778,Operational,Rural,1,5,,,0,1,0,5,18,8,16,12,10,10,0,0,0,0,0,0,0,56,74
9001,Meghalaya,17,West Garo Hills,278,,,Saka Boldakgre Crc,Dabigre,170102036,794003,,DABIGRE LPS,17010203601,Primary,Co. Educational,Department of Education,1973,90.220333,25.767722,Operational,Rural,1,5,,,0,2,0,2,0,44,6,6,5,0,0,0,0,0,0,0,0,61,61
9002,Meghalaya,17,West Garo Hills,278,,,Saka Boldakgre Crc,Dabigre,170102036,794003,,DABI-BALADING LPS,17010203602,Primary,Co. Educational,Private Unaided (Recognized),2010,90.224972,25.751778,Operational,Rural,1,5,,,0,1,0,2,15,15,0,0,0,0,0,0,0,0,0,0,0,15,30
9003,Meghalaya,17,West Garo Hills,278,,,Damal Asim Crc,Aigre Songgitcham,170102037,794003,,AIGRE SONGGITCHAM GOVT. LPS,17010203701,Primary,Co. Educational,Department of Education,1960,90.375,25.212778,Operational,Rural,1,5,,,0,1,0,2,0,5,4,3,2,1,0,0,0,0,0,0,0,15,15
9004,Meghalaya,17,West Garo Hills,278,,,Damal Asim Crc,Baljek Aduma,170102038,794003,,BALJEK ADUMA GOVT. LPS,17010203801,Primary,Co. Educational,Department of Education,1958,90.230833,25.355556,Operational,Rural,1,5,,,0,4,0,4,0,18,4,8,10,4,0,0,0,0,0,0,0,44,44
9005,Meghalaya,17,West Garo Hills,278,,,Damal Asim Crc,Baljek Aduma,170102038,794003,,BALJEK ADUMA ADHOC UPS,17010203802,Upper Primary only,Co. Educational,Government Aided,1990,90.2325,25.322222,Operational,Rural,6,8,,,0,3,0,4,0,0,0,0,0,0,5,8,6,0,0,0,0,19,19
9006,Meghalaya,17,West Garo Hills,278,,,Damal Asim Crc,Baljek Aduma,170102038,794003,,UPPER BALJEK ADUMA SSA LPS,17010203803,Primary,Co. Educational,Department of Education,2004,90.830556,25.372222,Operational,Rural,1,5,,,0,2,0,2,18,6,4,10,7,4,0,0,0,0,0,0,0,31,49
9007,Meghalaya,17,West Garo Hills,278,,,Saka Boldakgre Crc,Rengbonggre,170102039,794006,,RENGBONGGRE LPS,17010203901,Primary,Co. Educational,Government Aided,1995,90.125278,25.548333,Operational,Rural,1,5,,,0,2,0,2,0,28,18,10,14,6,0,0,0,0,0,0,0,76,76
9008,Meghalaya,17,West Garo Hills,278,,,Egopara Crc,Dalbenggre,170102040,794109,,DALBENGGRE LPS,17010204001,Primary,Co. Educational,Government Aided,1995,90.202222,25.583611,Operational,Rural,1,5,,,0,1,2,2,29,10,4,7,5,3,0,0,0,0,0,0,0,29,58
9009,Meghalaya,17,West Garo Hills,278,,,Damal Asim Crc,Chengalgre,170102041,794003,,CHENGGALGRE GOVT. LPS,17010204101,Primary,Co. Educational,Department of Education,1964,90.521111,25.335556,Operational,Rural,1,5,,,0,1,0,2,0,68,21,10,16,12,0,0,0,0,0,0,0,127,127
9010,Meghalaya,17,West Garo Hills,278,,,Damal Asim Crc,Chengalgre,170102041,794104,,SAINT ANDREW ENG. SCHOOL,17010204102,Primary,Co. Educational,Private Unaided (Recognized),2016,90.112778,25.422222,Operational,Rural,1,5,,,0,2,0,3,24,14,0,0,0,0,0,0,0,0,0,0,0,14,38
9011,Meghalaya,17,West Garo Hills,278,,,Saka Boldakgre Crc,Rongmasugre,170102042,794003,,RONGMASUGRE NON-GOVT. LPS,17010204201,Primary,Co. Educational,Government Aided,1995,90.240417,25.783917,Operational,Rural,1,5,,,0,2,0,2,11,20,2,6,1,2,0,0,0,0,0,0,0,31,42
9012,Meghalaya,17,West Garo Hills,278,,,Damal Asim Crc,Damal Asim,170102043,794003,,DAMAL ASIM GOVT. LPS,17010204301,Primary,Co. Educational,Department of Education,1960,90.436111,25.831944,Operational,Rural,1,5,,,0,1,0,2,0,3,2,3,4,0,0,0,0,0,0,0,0,12,12
9013,Meghalaya,17,West Garo Hills,278,,,Damal Asim Crc,Damal Asim,170102043,794003,,DAMAL ASIM DEF. UPS,17010204302,Upper Primary only,Co. Educational,Government Aided,1963,90.27425,25.733583,Operational,Rural,6,8,,,0,3,0,6,0,0,0,0,0,0,54,40,36,0,0,0,0,130,130
9014,Meghalaya,17,West Garo Hills,278,,,Damal Asim Crc,Damal Asim,170102043,794104,,DAMAL ASIM SECONDARY SCHOOL,17010204303,Secondary Only,Co. Educational,Government Aided,1998,90.274389,25.733778,Operational,Rural,9,10,State Board,,0,3,0,5,0,0,0,0,0,0,0,0,0,52,15,0,0,67,67
9015,Meghalaya,17,West Garo Hills,278,,,Damal Asim Crc,Damal Asim,170102043,794003,,MOHINDOR ENGLISH SCHOOL,17010204304,Primary,Co. Educational,Private Unaided (Recognized),2014,90.271472,25.728972,Operational,Rural,1,5,,,0,5,0,12,64,28,23,37,39,34,0,0,0,0,0,0,0,161,225
9016,Meghalaya,17,West Garo Hills,278,,,Saka Boldakgre Crc,Darekgre,170102044,794003,,DAREKGRE LPS,17010204401,Primary,Co. Educational,Department of Education,1988,90.910278,25.876111,Operational,Rural,1,5,,,0,1,0,2,0,12,4,4,5,6,0,0,0,0,0,0,0,31,31
9017,Meghalaya,17,West Garo Hills,278,,,Saka Boldakgre Crc,Dabonggre,170102045,794104,,DABONGGRE LPS,17010204501,Primary,Co. Educational,Department of Education,1961,90.867222,25.416667,Operational,Rural,1,5,,,0,1,1,2,0,6,14,4,10,4,0,0,0,0,0,0,0,38,38
9018,Meghalaya,17,West Garo Hills,278,,,Magalpara Crc,Rongnabakgre,170102046,794003,,RONGNABAKGRE SSA LPS,17010204601,Primary,Co. Educational,Department of Education,2004,90.315278,25.331667,Operational,Rural,1,5,,,0,2,2,2,26,2,0,10,7,3,0,0,0,0,0,0,0,22,48
9019,Meghalaya,17,West Garo Hills,278,,,Saka Boldakgre Crc,Dilji Apal,170102047,794003,,DILJI APAL SSA LPS,17010204701,Primary,Co. Educational,Department of Education,2004,90.084722,25.663333,Operational,Rural,1,5,,,0,1,0,2,0,15,9,4,7,2,0,0,0,0,0,0,0,37,37
9020,Meghalaya,17,West Garo Hills,278,,,Ajigre Crc,Ajigre,170102048,794003,,AJIGRE SSA LPS,17010204801,Primary,Co. Educational,Department of Education,2011,90.411389,25.946667,Operational,Rural,1,5,,,0,2,0,2,7,0,4,1,0,0,0,0,0,0,0,0,0,5,12
9021,Meghalaya,17,West Garo Hills,278,,,Ajigre Crc,Ajigre,170102048,794003,,AJIGRE GONME SSA UPS,17010204802,Upper Primary only,Co. Educational,Department of Education,2011,90.411389,25.946667,Operational,Rural,6,8,,,0,2,2,3,0,0,0,0,0,0,38,27,15,0,0,0,0,80,80
9022,Meghalaya,17,West Garo Hills,278,,,Chigitchakgre Crc,Chinaronggre,170102049,794003,,CHINARONGGRE SSA LPS,17010204901,Primary,Co. Educational,Department of Education,2005,90.705,25.416389,Operational,Rural,1,5,,,0,2,0,2,12,4,2,3,0,3,0,0,0,0,0,0,0,12,24
9023,Meghalaya,17,West Garo Hills,278,,,Magalpara Crc,Gimbilgre,170102050,794003,,GIMBILGRE SSA LPS,17010205001,Primary,Co. Educational,Department of Education,2004,90.650833,25.861944,Operational,Rural,1,5,,,0,1,0,2,0,6,3,2,0,0,0,0,0,0,0,0,0,11,11
9024,Meghalaya,17,West Garo Hills,278,,,Sadolpara Crc,Rambatgre,170102051,794003,,RAMBATGRE SSA LPS,17010205101,Primary,Co. Educational,Department of Education,2005,90.745556,25.448056,Operational,Rural,1,5,,,0,2,0,2,18,10,3,4,5,8,0,0,0,0,0,0,0,30,48
9025,Meghalaya,17,West Garo Hills,278,,,Sotmarenggre Crc,Durigre,170102052,794104,,DURIGRE SSA LPS,17010205201,Primary,Co. Educational,Department of Education,2001,90.465556,25.728333,Operational,Rural,1,5,,,0,1,0,2,9,8,4,6,2,0,0,0,0,0,0,0,0,20,29
9026,Meghalaya,17,West Garo Hills,278,,,Damal Asim Crc,Abokgre,170102053,794003,,ABOKGRE SSA LPS,17010205301,Primary,Co. Educational,Department of Education,2010,90.743056,25.471389,Operational,Rural,1,5,,,0,1,0,1,23,2,0,3,2,0,0,0,0,0,0,0,0,7,30
9027,Meghalaya,17,West Garo Hills,278,,,Damal Asim Crc,Dobadamgre,170102054,794003,,DOBADAMGRE SSA LPS,17010205401,Primary,Co. Educational,Department of Education,2007,90.544444,25.273611,Operational,Rural,1,5,,,0,1,0,2,17,2,2,2,4,2,0,0,0,0,0,0,0,12,29
9028,Meghalaya,17,West Garo Hills,278,,,Sadolpara Crc,Dechinggre,170102056,794003,,DECHINGGRE LPS,17010205601,Primary,Co. Educational,Department of Education,2000,90.441389,25.468056,Operational,Rural,1,5,,,0,1,0,2,0,16,8,11,7,13,0,0,0,0,0,0,0,55,55
9029,Meghalaya,17,West Garo Hills,278,,,Ajigre Crc,Chibonggre,170102057,794003,,CHIBONGGRE GOVT. LPS,17010205701,Primary,Co. Educational,Department of Education,1968,90.126389,25.414722,Operational,Rural,1,5,,,0,1,1,2,0,6,3,3,1,2,0,0,0,0,0,0,0,15,15
9030,Meghalaya,17,West Garo Hills,278,,,Ajigre Crc,Chibonggre,170102057,794003,,CHIBONGGRE UPS,17010205702,Upper Primary only,Co. Educational,Government Aided,1982,90.203056,25.826111,Operational,Rural,6,8,,,0,1,0,4,0,0,0,0,0,0,9,3,2,0,0,0,0,14,14
9031,Meghalaya,17,West Garo Hills,278,,,Sadolpara Crc,Sadolpara,170102058,794003,,SADOLPARA GOVT. LPS,17010205801,Primary,Co. Educational,Department of Education,1954,90.08,25.419167,Operational,Rural,1,5,,,0,2,0,2,12,8,6,2,3,3,0,0,0,0,0,0,0,22,34
9032,Meghalaya,17,West Garo Hills,278,,,Sadolpara Crc,Sadolpara,170102058,794104,,SADOLPARA UPS,17010205802,Upper Primary only,Co. Educational,Department of Education,2006,90.213889,25.439167,Operational,Rural,6,8,,,0,3,0,4,0,0,0,0,0,0,27,23,28,0,0,0,0,78,78
9033,Meghalaya,17,West Garo Hills,278,,,Sadolpara Crc,Sadolpara,170102058,794003,,ST. THOMAS SCHOOL,17010205803,Primary,Co. Educational,Private Unaided (Recognized),2003,90.149944,25.665778,Operational,Rural,1,5,,,0,5,0,3,21,17,10,10,2,0,0,0,0,0,0,0,0,39,60
9034,Meghalaya,17,West Garo Hills,278,,,Sadolpara Crc,Sadolpara,170102058,794003,,ACHIK MISSION SCHOOL,17010205804,Primary,Co. Educational,Private Unaided (Recognized),2005,90.761944,25.845833,Operational,Rural,1,5,,,0,3,0,8,39,19,25,16,12,7,0,0,0,0,0,0,0,79,118
9035,Meghalaya,17,West Garo Hills,278,,,Sadolpara Crc,Sadolpara,170102058,794104,,SADOLPARA SECONDARY SCHOOL,17010205805,Secondary Only,Co. Educational,Private Unaided (Recognized),2009,90.213889,25.439167,Operational,Rural,9,10,State Board,,0,2,1,6,0,0,0,0,0,0,0,0,0,19,23,0,0,42,42
9036,Meghalaya,17,West Garo Hills,278,,,Sadolpara Crc,Rongchugre,170102059,794003,,RONGCHUGRE LPS,17010205901,Primary,Co. Educational,Government Aided,1953,90.745556,25.443056,Operational,Rural,1,5,,,0,3,0,2,4,6,4,2,3,1,0,0,0,0,0,0,0,16,20
9037,Meghalaya,17,West Garo Hills,278,,,Sadolpara Crc,Rongchugre,170102059,794003,,RONGCHUGRE UPS,17010205902,Upper Primary only,Co. Educational,Government Aided,1981,90.915556,25.634722,Operational,Rural,6,8,,,0,3,0,5,0,0,0,0,0,0,25,18,16,0,0,0,0,59,59
9038,Meghalaya,17,West Garo Hills,278,,,Sotmarenggre Crc,Rondupara,170102060,794104,,RONDUPARA GOVT. LPS,17010206001,Primary,Co. Educational,Department of Education,1952,90.174194,25.784361,Operational,Rural,1,5,,,0,1,0,2,10,11,11,16,9,1,0,0,0,0,0,0,0,48,58
9039,Meghalaya,17,West Garo Hills,278,,,Sotmarenggre Crc,Rondupara,170102060,794104,,RONDUPARA UPS,17010206002,Upper Primary only,Co. Educational,Government Aided,1992,90.174611,25.784472,Operational,Rural,6,8,,,0,3,0,4,0,0,0,0,0,0,5,7,10,0,0,0,0,22,22
9040,Meghalaya,17,West Garo Hills,278,,,Sotmarenggre Crc,Rondupara,170102060,794003,,RONDUPARA AKELLA SSA UPS,17010206003,Upper Primary only,Co. Educational,Department of Education,2010,90.15978,25.78931,Operational,Rural,6,8,,,0,3,4,4,0,0,0,0,0,0,10,10,10,0,0,0,0,30,30
9041,Meghalaya,17,West Garo Hills,278,,,Sotmarenggre Crc,Rondupara,170102060,794003,,RONDUPARA AKELLA SEC. SCHOOL,17010206004,Secondary Only,Co. Educational,Private Unaided (Recognized),2012,90.17631,25.78931,Operational,Rural,9,10,State Board,,0,3,0,5,0,0,0,0,0,0,0,0,0,10,10,0,0,20,20
9042,Meghalaya,17,West Garo Hills,278,,,Magalpara Crc,Magalpara,170102061,794003,,MAGALPARA LPS,17010206101,Primary,Co. Educational,Department of Education,1960,90.144056,25.817333,Operational,Rural,1,5,,,0,2,0,2,0,15,11,17,11,12,0,0,0,0,0,0,0,66,66
9043,Meghalaya,17,West Garo Hills,278,,,Magalpara Crc,Magalpara,170102061,794003,,MAGALPARA UPS,17010206102,Upper Primary only,Co. Educational,Government Aided,1985,90.145111,25.765722,Operational,Rural,6,8,,,0,4,1,5,0,0,0,0,0,0,15,11,8,0,0,0,0,34,34
9044,Meghalaya,17,West Garo Hills,278,,,Magalpara Crc,Magalpara,170102061,794003,,MAGALPARA ENGLISH SCHOOL,17010206103,Primary,Co. Educational,Private Unaided (Recognized),2014,90.14403,25.76706,Operational,Rural,1,5,,,0,7,0,5,30,7,8,10,16,8,0,0,0,0,0,0,0,49,79
9045,Meghalaya,17,West Garo Hills,278,,,Magalpara Crc,Magalpara,170102061,794003,,MAGALPARA SECONDARY SCHOOL,17010206104,Secondary Only,Co. Educational,Private Unaided (Recognized),2016,90.14517,25.76567,Operational,Rural,9,10,State Board,,0,1,0,3,0,0,0,0,0,0,0,0,0,0,0,0,0,0,0
9046,Meghalaya,17,West Garo Hills,278,,,Magalpara Crc,Romgre,170102062,794104,,ROMGRE UPS,17010206201,Upper Primary only,Co. Educational,Government Aided,1983,90.726944,25.906667,Operational,Rural,6,8,,,0,3,0,4,0,0,0,0,0,0,30,29,26,0,0,0,0,85,85
9047,Meghalaya,17,West Garo Hills,278,,,Magalpara Crc,Romgre,170102062,794104,,ROMGRE LPS,17010206202,Primary,Co. Educational,Department of Education,1954,90.08125,25.766528,Operational,Rural,1,5,,,0,2,0,2,0,55,15,8,13,7,0,0,0,0,0,0,0,98,98
9048,Meghalaya,17,West Garo Hills,278,,,Magalpara Crc,Romgre,170102062,794003,,ROM SONGGITAL SSA LPS,17010206203,Primary,Co. Educational,Department of Education,2005,90.412222,25.793611,Operational,Rural,1,5,,,0,1,0,2,0,5,3,2,5,3,0,0,0,0,0,0,0,18,18
9049,Meghalaya,17,West Garo Hills,278,,,Magalpara Crc,Jangrapara,170102063,794104,,JANGRAPARA LPS,17010206301,Primary,Co. Educational,Department of Education,1965,90.878889,25.691389,Operational,Rural,1,5,,,0,2,0,3,0,15,11,18,11,5,0,0,0,0,0,0,0,60,60
9050,Meghalaya,17,West Garo Hills,278,,,Magalpara Crc,Jangrapara,170102063,794104,,JANGRAPARA UPS,17010206302,Upper Primary only,Co. Educational,Department of Education,2005,90.888889,25.878056,Operational,Rural,6,8,,,0,3,1,4,0,0,0,0,0,0,9,10,16,0,0,0,0,35,35
9051,Meghalaya,17,West Garo Hills,278,,,Magalpara Crc,Jangrapara,170102063,794104,,JANGRAPARA SEC. SCHOOL,17010206303,Secondary Only,Co. Educational,Government Aided,2012,90.888889,25.878056,Operational,Rural,9,10,State Board,,0,2,1,4,0,0,0,0,0,0,0,0,0,9,15,0,0,24,24
9052,Meghalaya,17,West Garo Hills,278,,,Sotmarenggre Crc,Dimmakgre,170102064,794104,,DIMMAKGRE LPS,17010206401,Primary,Co. Educational,Department of Education,2001,90.343056,25.691389,Operational,Rural,1,5,,,0,2,0,2,26,7,6,5,7,4,0,0,0,0,0,0,0,29,55
9053,Meghalaya,17,West Garo Hills,278,,,Sotmarenggre Crc,Dimmakgre,170102064,794104,,DIMMAKGRE SSA UPS,17010206402,Upper Primary only,Co. Educational,Department of Education,2010,90.343056,25.691389,Operational,Rural,6,8,,,0,3,0,3,0,0,0,0,0,0,8,4,5,0,0,0,0,17,17
9054,Meghalaya,17,West Garo Hills,278,,,Saka Boldakgre Crc,Songmaranggre,170102065,794003,,SONGMARANGGRE GOVT. LPS,17010206501,Primary,Co. Educational,Department of Education,1968,90.086667,25.751111,Operational,Rural,1,5,,,0,2,1,2,0,12,8,8,1,8,0,0,0,0,0,0,0,37,37
9055,Meghalaya,17,West Garo Hills,278,,,Magalpara Crc,Rebugre,170102066,794003,,REBUGRE GOVT. LPS,17010206601,Primary,Co. Educational,Department of Education,1956,90.841389,25.2375,Operational,Rural,1,5,,,0,2,0,2,0,10,6,4,4,4,0,0,0,0,0,0,0,28,28
9056,Meghalaya,17,West Garo Hills,278,,,Magalpara Crc,Rebugre,170102066,794003,,REBUGRE UPS,17010206602,Upper Primary only,Co. Educational,Department of Education,2005,90.819722,25.205833,Operational,Rural,6,8,,,0,3,0,4,0,0,0,0,0,0,4,5,7,0,0,0,0,16,16
9057,Meghalaya,17,West Garo Hills,278,,,Magalpara Crc,Deringgagre,170102067,794003,,DERINGGAGRE LPS,17010206701,Primary,Co. Educational,Department of Education,1999,90.971111,25.399167,Operational,Rural,1,5,,,0,3,0,2,8,3,3,1,4,4,0,0,0,0,0,0,0,15,23
9058,Meghalaya,17,West Garo Hills,278,,,Magalpara Crc,Kantananggre,170102068,794003,,KANTANANGGRE LPS,17010206801,Primary,Co. Educational,Department of Education,1989,90.168889,25.750361,Operational,Rural,1,5,,,0,1,0,2,0,10,8,8,3,3,0,0,0,0,0,0,0,32,32
9059,Meghalaya,17,West Garo Hills,278,,,Magalpara Crc,Bikonggre,170102069,794003,,BIKONGGRE UPS,17010206901,Upper Primary only,Co. Educational,Government Aided,1981,90.088889,25.328333,Operational,Rural,6,8,,,0,2,3,5,0,0,0,0,0,0,8,5,6,0,0,0,0,19,19
9060,Meghalaya,17,West Garo Hills,278,,,Magalpara Crc,Bikonggre,170102069,794003,,BIKONGGRE GOVT. LPS,17010206902,Primary,Co. Educational,Department of Education,1951,90.893611,25.723333,Operational,Rural,1,5,,,0,2,0,2,0,3,2,2,5,2,0,0,0,0,0,0,0,14,14
9061,Meghalaya,17,West Garo Hills,278,,,Magalpara Crc,Bikonggre,170102069,794104,,BIKONGGRE G/A SEC. SCHOOL,17010206903,Secondary Only,Co. Educational,Government Aided,1989,90.088889,25.328333,Operational,Rural,9,10,State Board,,0,4,5,8,0,0,0,0,0,0,0,0,0,15,21,0,0,36,36
9062,Meghalaya,17,West Garo Hills,278,,,Magalpara Crc,Bikonggre,170102069,794104,,BIKONGGRE HIGHER SECONDARY SCHOOL,17010206904,Higher Secondary only/Jr. College,Co. Educational,Private Unaided (Recognized),2012,90.134972,25.805056,Operational,Rural,11,12,,State Board,0,2,3,5,0,0,0,0,0,0,0,0,0,0,0,5,0,5,5
9063,Meghalaya,17,West Garo Hills,278,,,Saka Boldakgre Crc,Dugalgre,170102070,794003,,DUGALGRE UPS,17010207001,Upper Primary only,Co. Educational,Government Aided,1987,90.763056,25.196667,Operational,Rural,6,8,,,0,4,0,4,0,0,0,0,0,0,7,12,8,0,0,0,0,27,27
9064,Meghalaya,17,West Garo Hills,278,,,Saka Boldakgre Crc,Dugalgre,170102070,794003,,DUGALGRE LPS,17010207002,Primary,Co. Educational,Department of Education,1974,90.784722,25.193333,Operational,Rural,1,5,,,0,2,0,2,0,11,5,6,2,5,0,0,0,0,0,0,0,29,29
9065,Meghalaya,17,West Garo Hills,278,,,Sadolpara Crc,Megonggre,170102071,794003,,MEGONGGRE LPS,17010207101,Primary,Co. Educational,Department of Education,1954,90.083333,25.251111,Operational,Rural,1,5,,,0,4,0,2,0,9,8,7,8,7,0,0,0,0,0,0,0,39,39
9066,Meghalaya,17,West Garo Hills,278,,,Sadolpara Crc,Megonggre,170102071,794003,,MEGONGGRE SSA UPS,17010207102,Upper Primary only,Co. Educational,Department of Education,2010,90.08,25.244444,Operational,Rural,6,8,,,0,3,0,3,0,0,0,0,0,0,6,1,4,0,0,0,0,11,11
9067,Meghalaya,17,West Garo Hills,278,,,Sadolpara Crc,Dokramagre,170102072,794003,,DOKRAMAGRE LPS,17010207201,Primary,Co. Educational,Government Aided,1995,90.203056,25.771111,Operational,Rural,1,5,,,0,1,0,1,21,14,6,5,2,0,0,0,0,0,0,0,0,27,48
9068,Meghalaya,17,West Garo Hills,278,,,Sadolpara Crc,Dokramagre,170102072,794003,,KING WAY ACADEMY UPS,17010207202,Upper Primary only,Co. Educational,Private Unaided (Recognized),2009,90.199722,25.767778,Operational,Rural,6,8,,,0,3,0,5,0,0,0,0,0,0,12,10,14,0,0,0,0,36,36
9069,Meghalaya,17,West Garo Hills,278,,,Sadolpara Crc,Dokramagre,170102072,794003,,KINGS WAY ACADEMY,17010207203,Primary,Co. Educational,Private Unaided (Recognized),2009,90.199722,25.767778,Operational,Rural,1,5,,,0,6,0,4,49,30,17,20,16,15,0,0,0,0,0,0,0,98,147
9070,Meghalaya,17,West Garo Hills,278,,,Sadolpara Crc,Dokramagre,170102072,794003,,KINGS WAY ACADEMY SEC. SCHOOL,17010207204,Secondary Only,Co. Educational,Private Unaided (Recognized),2014,90.19972,25.76778,Operational,Rural,9,10,State Board,,0,3,2,4,0,0,0,0,0,0,0,0,0,27,42,0,0,69,69
9071,Meghalaya,17,West Garo Hills,278,,,Ajigre Crc,Dadenggre,170102073,794003,,DADENGGRE LPS,17010207303,Primary,Co. Educational,Department of Education,1954,90.098056,25.878333,Operational,Rural,1,5,,,0,3,1,4,0,45,57,29,48,49,0,0,0,0,0,0,0,228,228
9072,Meghalaya,17,West Garo Hills,278,,,Saka Boldakgre Crc,Dadenggre,170102073,794003,,KASTURBA GANDHI BALIKA VIDYALAYA,17010207305,Upper Primary only,Girls Only,Department of Education,2009,90.210556,25.734333,Operational,Rural,6,8,,,0,3,0,8,0,0,0,0,0,0,24,12,9,0,0,0,0,45,45
9073,Meghalaya,17,West Garo Hills,278,,,Ajigre Crc,Dadenggre,170102073,794003,,ST. LITTLE FLOWER LPS,17010207306,Primary,Co. Educational,Department of Education,1976,90.456389,25.451944,Operational,Rural,1,5,,,0,8,1,5,223,100,81,126,65,71,0,0,0,0,0,0,0,443,666
9074,Meghalaya,17,West Garo Hills,278,,,Ajigre Crc,Dadenggre,170102073,794003,,LITTLE FLOWER UPS,17010207307,Upper Primary only,Co. Educational,Government Aided,1976,90.449722,25.448611,Operational,Rural,6,8,,,1,5,0,4,0,0,0,0,0,0,99,103,68,0,0,0,0,270,270
9075,Meghalaya,17,West Garo Hills,278,,,Ajigre Crc,Dadenggre,170102073,794003,,TINY ROSE LPS,17010207308,Primary,Co. Educational,Private Unaided (Recognized),1997,90.916111,25.828333,Operational,Rural,1,5,,,0,3,0,8,114,56,51,67,38,42,0,0,0,0,0,0,0,254,368
9076,Meghalaya,17,West Garo Hills,278,,,Ajigre Crc,Dadenggre,170102073,794003,,TINY ROSE SSA UPS,17010207309,Upper Primary only,Co. Educational,Department of Education,2002,90.929444,25.818333,Operational,Rural,6,8,,,0,13,0,8,0,0,0,0,0,0,53,54,50,0,0,0,0,157,157
9077,Meghalaya,17,West Garo Hills,278,,,Ajigre Crc,Dadenggre,170102073,794003,,TINY ROSE SECONDARY SCHOOL,17010207311,Secondary Only,Co. Educational,Private Unaided (Recognized),1997,90.929444,25.818333,Operational,Rural,9,10,State Board,,0,2,3,6,0,0,0,0,0,0,0,0,0,71,52,0,0,123,123
9078,Meghalaya,17,West Garo Hills,278,,,Magalpara Crc,Dadenggre,170102073,794003,,DADENGGRE PURI GOVT. HIGHER SECONDARY SCHOOL,17010207312,Upper Pri. Secondary and Higher Sec,Co. Educational,Department of Education,1982,90.184806,25.71425,Operational,Rural,6,12,State Board,State Board,0,7,6,24,0,0,0,0,0,0,68,59,86,82,75,61,99,530,530
9079,Meghalaya,17,West Garo Hills,278,,,Ajigre Crc,Dadenggre,170102073,794003,,LITTLE FLOWER SEC. SCHOOL,17010207313,Secondary Only,Co. Educational,Private Unaided (Recognized),2013,90.190056,25.724333,Operational,Rural,9,12,State Board,State Board,0,6,4,4,0,0,0,0,0,0,0,0,0,58,48,52,0,158,158
9080,Meghalaya,17,West Garo Hills,278,,,Ajigre Crc,Dadenggre,170102073,794003,,BATHEL ENGLISH SCHOOL,17010207314,Primary,Co. Educational,Private Unaided (Recognized),2015,90.18317,25.71689,Operational,Rural,1,5,,,0,5,5,8,33,24,29,31,19,32,0,0,0,0,0,0,0,135,168
9081,Meghalaya,17,West Garo Hills,278,,,Ajigre Crc,Songadinggre,170102074,794003,,SONGADINGGRE GOVT. LPS,17010207401,Primary,Co. Educational,Department of Education,1988,90.089722,25.471667,Operational,Rural,1,5,,,0,2,1,2,0,14,8,10,2,5,0,0,0,0,0,0,0,39,39
9082,Meghalaya,17,West Garo Hills,278,,,Ajigre Crc,Bolchugre,170102075,794003,,BOLCHUGRE LPS,17010207501,Primary,Co. Educational,Government Aided,1995,90.611111,25.391944,Operational,Rural,1,5,,,0,1,0,1,8,4,2,2,4,0,0,0,0,0,0,0,0,12,20
9083,Meghalaya,17,West Garo Hills,278,,,Saka Boldakgre Crc,Dadeng-Balading,170102076,794104,,DADENG BALADING LPS,17010207601,Primary,Co. Educational,Department of Education,1998,90.536667,25.586389,Operational,Rural,1,5,,,0,3,0,2,0,10,7,1,1,1,0,0,0,0,0,0,0,20,20
9084,Meghalaya,17,West Garo Hills,278,,,Ajigre Crc,Sathegre,170102077,794003,,SATHEGRE LPS,17010207701,Primary,Co. Educational,Department of Education,1968,90.202944,25.699472,Operational,Rural,1,5,,,0,3,3,2,22,8,9,4,8,5,0,0,0,0,0,0,0,34,56
9085,Meghalaya,17,West Garo Hills,278,,,Sadolpara Crc,Darigre,170102078,794003,,DARIGRE LPS,17010207801,Primary,Co. Educational,Government Aided,1998,90.130833,25.728056,Operational,Rural,1,5,,,0,1,0,1,0,25,7,5,0,0,0,0,0,0,0,0,0,37,37
9086,Meghalaya,17,West Garo Hills,278,,,Ajigre Crc,Chibong Apal,170102079,794003,,CHIBONG APAL LPS,17010207901,Primary,Co. Educational,Department of Education,1999,90.202917,25.699389,Operational,Rural,1,5,,,0,3,0,2,0,15,3,2,3,3,0,0,0,0,0,0,0,26,26
9087,Meghalaya,17,West Garo Hills,278,,,Sadolpara Crc,Aminggokgre,170102080,794003,,AMINGGOKGRE LPS,17010208001,Primary,Co. Educational,Government Aided,1995,90.153333,25.937778,Operational,Rural,1,5,,,0,1,0,1,0,2,4,3,8,1,0,0,0,0,0,0,0,18,18
9088,Meghalaya,17,West Garo Hills,278,,,Debragre Crc,Chambalgre,170102082,794109,,CHAMBALGRE SSA LPS,17010208201,Primary,Co. Educational,Department of Education,2004,90.982778,25.224444,Operational,Rural,1,5,,,0,2,0,2,0,8,9,9,7,12,0,0,0,0,0,0,0,45,45
9089,Meghalaya,17,West Garo Hills,278,,,Saka Boldakgre Crc,Dilsi Darekgre,170102083,794003,,DILSI DAREKGRE SSA LPS,17010208301,Primary,Co. Educational,Department of Education,2004,90.635,25.670556,Operational,Rural,1,5,,,0,2,0,2,12,8,8,13,2,9,0,0,0,0,0,0,0,40,52
9090,Meghalaya,17,West Garo Hills,278,,,Sotmarenggre Crc,Tesanggre,170102084,794104,,TESANGGRE SSA LPS,17010208401,Primary,Co. Educational,Department of Education,2009,90.164056,25.84925,Operational,Rural,1,5,,,0,2,0,2,40,23,19,8,13,6,0,0,0,0,0,0,0,69,109
9091,Meghalaya,17,West Garo Hills,278,,,Sotmarenggre Crc,Matchakolgre,170102086,794104,,MATCHAKOLGRE SSA LPS,17010208601,Primary,Co. Educational,Department of Education,2010,90.470833,25.301667,Operational,Rural,1,5,,,0,2,1,2,13,10,5,6,8,3,0,0,0,0,0,0,0,32,45
9092,Meghalaya,17,West Garo Hills,278,,,Chigitchakgre Crc,Tujonggre,170102087,794104,,TUJONGGRE SSA LPS,17010208701,Primary,Co. Educational,Department of Education,2008,90.604722,25.261667,Operational,Rural,1,5,,,0,3,3,2,8,12,10,9,4,1,0,0,0,0,0,0,0,36,44
9093,Meghalaya,17,West Garo Hills,278,,,Magalpara Crc,Gambarigre,170102089,794003,,GAMBARIGRE LP SCHOOL,17010208901,Primary,Co. Educational,Private Unaided (Recognized),1980,90.12186,25.70533,Operational,Rural,1,5,,,0,1,0,1,7,6,0,0,0,0,0,0,0,0,0,0,0,6,13
9094,Meghalaya,17,West Garo Hills,278,,,Sotmarenggre Crc,Sotmarenggre,170102091,794104,,SOTMARENGGRE LPS,17010209101,Primary,Co. Educational,Department of Education,1954,90.690833,25.701667,Operational,Rural,1,5,,,0,3,0,2,4,4,4,3,0,0,0,0,0,0,0,0,0,11,15
9095,Meghalaya,17,West Garo Hills,278,,,Sotmarenggre Crc,Sotmarenggre,170102091,794104,,SOTMARENGGRE UPS,17010209102,Upper Primary only,Co. Educational,Government Aided,1989,90.018333,25.7,Operational,Rural,6,8,,,0,3,0,6,0,0,0,0,0,0,12,21,9,0,0,0,0,42,42
9096,Meghalaya,17,West Garo Hills,278,,,Sotmarenggre Crc,Rongchandalgre,170102093,794104,,RONGCHANDALGRE LPS,17010209301,Primary,Co. Educational,Department of Education,1959,90.061944,25.335278,Operational,Rural,1,5,,,0,3,0,3,0,5,2,8,2,4,0,0,0,0,0,0,0,21,21
9097,Meghalaya,17,West Garo Hills,278,,,Sotmarenggre Crc,Rongchandalgre,170102093,794104,,RONGCHANDALGRE UPS,17010209302,Upper Primary only,Co. Educational,Department of Education,2005,90.045278,25.320278,Operational,Rural,6,8,,,0,3,3,4,0,0,0,0,0,0,8,13,8,0,0,0,0,29,29
9098,Meghalaya,17,West Garo Hills,278,,,Chigitchakgre Crc,Chigitchakgre,170102098,794104,,CHIGITCHAKGRE GOVT. LPS,17010209801,Primary,Co. Educational,Department of Education,1967,90.731389,25.643889,Operational,Rural,1,5,,,0,3,0,2,0,11,8,17,9,8,0,0,0,0,0,0,0,53,53
9099,Meghalaya,17,West Garo Hills,278,,,Chigitchakgre Crc,Chigitchakgre,170102098,794003,,CHIGITCHAKGRE UPS,17010209802,Upper Primary only,Co. Educational,Government Aided,1984,90.743056,25.653889,Operational,Rural,6,8,,,0,6,0,6,0,0,0,0,0,0,19,18,15,0,0,0,0,52,52
9100,Meghalaya,17,West Garo Hills,278,,,Chigitchakgre Crc,Chigitchakgre,170102098,794104,,EVERGREEN SHG SCHOOL,17010209803,Primary,Co. Educational,Private Unaided (Recognized),2006,90.708056,25.778889,Operational,Rural,1,5,,,0,5,5,3,0,21,20,12,6,2,0,0,0,0,0,0,0,61,61
9101,Meghalaya,17,West Garo Hills,278,,,Chigitchakgre Crc,Rom-Sangsilgre,170102099,794104,,ROM-SANGSILGRE LPS,17010209901,Primary,Co. Educational,Department of Education,1999,90.116889,25.749028,Operational,Rural,1,5,,,0,2,0,2,0,7,11,9,7,8,0,0,0,0,0,0,0,42,42
9102,Meghalaya,17,West Garo Hills,278,,,Chigitchakgre Crc,Rom-Sangsilgre,170102099,794003,,ROM SANGSILGRE GETISONS UPS,17010209902,Upper Primary only,Co. Educational,Department of Education,2010,90.6,25.500556,Operational,Rural,6,8,,,0,3,0,4,0,0,0,0,0,0,14,4,4,0,0,0,0,22,22
9103,Meghalaya,17,West Garo Hills,278,,,Debragre Crc,Cheran Songmagre,170102105,794104,,CHERAN SONGMAGRE LPS,17010210501,Primary,Co. Educational,Department of Education,1979,90.017778,25.737222,Operational,Rural,1,5,,,0,2,0,2,0,9,13,2,4,0,0,0,0,0,0,0,0,28,28
9104,Meghalaya,17,West Garo Hills,278,,,Sotmarenggre Crc,Cheran Songmagre,170102105,794104,,CHERAN SONGMAGRE UPS,17010210502,Upper Primary only,Co. Educational,Department of Education,2006,90.177778,25.633889,Operational,Rural,6,8,,,0,3,0,3,0,0,0,0,0,0,14,5,4,0,0,0,0,23,23
9105,Meghalaya,17,West Garo Hills,278,,,Egopara Crc,Cheran Songmagre,170102105,794104,,MOTHER ENGLISH SCHOOL,17010210503,Primary,Co. Educational,Private Unaided (Recognized),2012,90.20822,25.84019,Operational,Rural,1,5,,,0,1,1,2,0,7,8,7,4,0,0,0,0,0,0,0,0,26,26
9106,Meghalaya,17,West Garo Hills,278,,,Sotmarenggre Crc,Dodanggre,170102107,794109,,DODANGGRE LPS,17010210701,Primary,Co. Educational,Department of Education,1965,90.350556,25.783889,Operational,Rural,1,5,,,0,1,1,1,0,16,24,10,7,4,0,0,0,0,0,0,0,61,61
9107,Meghalaya,17,West Garo Hills,278,,,Chigitchakgre Crc,Rabonggre,170102108,794104,,RABONGGRE NON-GOVT. LPS,17010210801,Primary,Co. Educational,Government Aided,1979,90.09689,25.76911,Operational,Rural,1,5,,,0,2,0,2,0,29,6,3,2,0,0,0,0,0,0,0,0,40,40
9108,Meghalaya,17,West Garo Hills,278,,,Chigitchakgre Crc,Rabonggre,170102108,794104,,RABONGGRE RISING SUN UPS,17010210803,Upper Primary only,Co. Educational,Department of Education,2010,90.080667,25.766222,Operational,Rural,6,8,,,0,3,0,3,0,0,0,0,0,0,18,18,0,0,0,0,0,36,36
9109,Meghalaya,17,West Garo Hills,278,,,Chigitchakgre Crc,Rabonggre,170102108,794104,,RABONGGRE RISING SUN LPS,17010210804,Primary,Co. Educational,Private Unaided (Recognized),2015,90.080556,25.766417,Operational,Rural,1,5,,,0,2,0,2,0,20,22,11,9,0,0,0,0,0,0,0,0,62,62
9110,Meghalaya,17,West Garo Hills,278,,,Chigitchakgre Crc,Jejanggre,170102109,794104,,JENGJANGGRE NON GOVT LPS,17010210901,Primary,Co. Educational,Government Aided,1992,90.236667,25.396944,Operational,Rural,1,5,,,0,2,0,1,7,5,3,4,4,9,0,0,0,0,0,0,0,25,32
9111,Meghalaya,17,West Garo Hills,278,,,Saka Boldakgre Crc,Saka Boldakgre,170102115,794003,,SAKA BOLDAKGRE SSA LPS,17010211501,Primary,Co. Educational,Department of Education,2002,90.48,25.334444,Operational,Rural,1,5,,,0,2,0,2,7,2,4,2,9,2,0,0,0,0,0,0,0,19,26
9112,Meghalaya,17,West Garo Hills,278,,,Saka Boldakgre Crc,Saka Boldakgre,170102115,794003,,SAKA BOLDAKGRE UPS,17010211502,Upper Primary only,Co. Educational,Department of Education,2006,90.475,25.294444,Operational,Rural,6,8,,,0,1,0,4,0,0,0,0,0,0,8,2,1,0,0,0,0,11,11
5079,Meghalaya,17,Ri Bhoi,276,Bhoirymbong,7182,Umroi Crc,Mawthei,170502001,793103,,MAWTHEI GOVT. L. P. SCHOOL,17050200101,Primary,Co. Educational,Department of Education,1970,92.5878,25.4415,Operational,Rural,1,5,,,0,4,0,3,29,9,10,13,5,3,0,0,0,0,0,0,0,40,69
5080,Meghalaya,17,Ri Bhoi,276,Bhoirymbong,7182,Umroi Crc,Mawthei,170502001,793103,,MAWTHEI LUMKYNJOIN L.P. SCHOOL,17050200102,Primary,Co. Educational,Private Unaided (Recognized),2010,91.5705,25.443,Operational,Rural,1,5,,,0,3,0,3,13,9,12,5,5,5,0,0,0,0,0,0,0,36,49
5081,Meghalaya,17,Ri Bhoi,276,Bhoirymbong,7182,Umroi Crc,Mawthei,170502001,793116,,MAWTHEI U.P. SCHOOL,17050200103,Upper Primary only,Co. Educational,Department of Education,2012,91.5759,25.436,Operational,Rural,6,8,,,0,8,5,7,0,0,0,0,0,0,12,8,5,0,0,0,0,25,25
5082,Meghalaya,17,Ri Bhoi,276,Bhoirymbong,7182,Umroi Crc,Mawthei,170502001,793116,,MAWTHEI LPS,17050200104,Primary,Co. Educational,Private Unaided (Recognized),2014,91.5802,25.4403,Operational,Rural,1,5,,,0,5,0,3,20,14,6,2,3,3,0,0,0,0,0,0,0,28,48
5083,Meghalaya,17,Ri Bhoi,276,Bhoirymbong,7182,Umeit Crc,Laban Saro,170502002,793116,,L. P .SCHOOL LABAN SARO,17050200201,Primary,Co. Educational,Department of Education,1996,91.5846,25.4325,Operational,Rural,1,5,,,0,2,0,4,13,6,8,5,8,6,0,0,0,0,0,0,0,33,46
5084,Meghalaya,17,Ri Bhoi,276,Bhoirymbong,7182,Umroi Crc,Umktieh,170502003,793103,,UMKTIEH-UMSAWRIANG UPS,17050200301,Upper Primary only,Co. Educational,Government Aided,1992,92.183611,25.566111,Operational,Rural,6,8,,,0,3,0,4,0,0,0,0,0,0,32,25,15,0,0,0,0,72,72
5085,Meghalaya,17,Ri Bhoi,276,Bhoirymbong,7182,Umroi Crc,Umktieh,170502003,793103,,UMKTIEH-UMSAWRIANG PRES. LPS,17050200302,Primary,Co. Educational,Government Aided,1992,91.5978,25.4307,Operational,Rural,1,5,,,0,4,0,1,5,4,3,4,5,3,0,0,0,0,0,0,0,19,24
5086,Meghalaya,17,Ri Bhoi,276,Bhoirymbong,7182,Umroi Crc,Umktieh,170502003,793116,,UMSAWRIANG RCLP SCHOOL,17050200304,Primary,Co. Educational,Government Aided,1987,91.5978,25.4307,Operational,Rural,1,5,,,0,2,0,4,53,25,25,24,24,17,0,0,0,0,0,0,0,115,168
5087,Meghalaya,17,Ri Bhoi,276,Bhoirymbong,7182,Umroi Crc,Syllei-U-Lar,170502004,793116,,SYLLEI-U-LAR LP SCHOOL,17050200401,Primary,Co. Educational,Department of Education,1991,91.59,25.4301,Operational,Rural,1,5,,,0,2,0,3,21,4,5,6,3,4,0,0,0,0,0,0,0,22,43
5088,Meghalaya,17,Ri Bhoi,276,Bhoirymbong,7182,Bhoirymbong Crc,Pynthor,170502005,793116,,A.W. THOMAS MEMORIAL UP SCHOOL,17050200501,Upper Primary only,Co. Educational,Government Aided,1986,92.0179,25.4504,Operational,Rural,6,8,,,0,3,0,4,0,0,0,0,0,0,27,29,24,0,0,0,0,80,80
5089,Meghalaya,17,Ri Bhoi,276,Bhoirymbong,7182,Bhoirymbong Crc,Pynthor,170502005,793116,,PYNTHOR BHOILASA GOVT. LP SCHL,17050200502,Primary,Co. Educational,Department of Education,1941,92.0143,25.4506,Operational,Rural,1,5,,,0,5,0,3,7,3,12,9,7,11,0,0,0,0,0,0,0,42,49
5090,Meghalaya,17,Ri Bhoi,276,Bhoirymbong,7182,Bhoirymbong Crc,Pynthor,170502005,793116,,A.W. THOMAS MEMORIAL LP SCHOOL,17050200503,Primary,Co. Educational,Government Aided,1985,92.017,25.4504,Operational,Rural,1,5,,,0,6,1,6,30,28,22,14,19,13,0,0,0,0,0,0,0,96,126
5091,Meghalaya,17,Ri Bhoi,276,Bhoirymbong,7182,Bhoirymbong Crc,Pynthor,170502005,793116,,MS A.W THOMAS MEMORIAL CHRISTIAN SEC SCHOOL,17050200504,Secondary Only,Co. Educational,Private Unaided (Recognized),2004,92.017,25.4504,Operational,Rural,9,10,State Board,,0,2,0,3,0,0,0,0,0,0,0,0,0,33,24,0,0,57,57
5092,Meghalaya,17,Ri Bhoi,276,Bhoirymbong,7182,Umeit Crc,Umden Mission,170502006,793116,,STEPUP LP SCHOOL,17050200601,Primary,Co. Educational,Department of Education,2004,91.5834,25.4135,Operational,Rural,1,5,,,0,1,0,5,56,17,21,19,18,19,0,0,0,0,0,0,0,94,150
5093,Meghalaya,17,Ri Bhoi,276,Bhoirymbong,7182,Umeit Crc,Umden Mission,170502006,793116,,STEPUP UP SCHOOL,17050200602,Upper Primary only,Co. Educational,Department of Education,2004,91.5182,25.4535,Operational,Rural,6,8,,,0,3,0,4,0,0,0,0,0,0,11,9,17,0,0,0,0,37,37
5094,Meghalaya,17,Ri Bhoi,276,Bhoirymbong,7182,Umeit Crc,Umden Mission,170502006,793116,,STEPUP SECONDARY SCHOOL,17050200603,Secondary Only,Co. Educational,Private Unaided (Recognized),2004,91.5182,25.4135,Operational,Rural,9,10,State Board,,0,2,0,4,0,0,0,0,0,0,0,0,0,9,15,0,0,24,24
5095,Meghalaya,17,Ri Bhoi,276,Bhoirymbong,7182,Umroi Crc,Umden Arka,170502007,793103,,UMDEN GOVT. LP,17050200701,Primary,Co. Educational,Department of Education,1984,92.0354,25.4151,Operational,Rural,1,5,,,0,2,0,3,38,12,29,29,37,25,0,0,0,0,0,0,0,132,170
5096,Meghalaya,17,Ri Bhoi,276,Bhoirymbong,7182,Umroi Crc,Umden Arka,170502007,793103,,UMDEN UMROI U.P SCHOOL,17050200702,Upper Primary only,Co. Educational,Department of Education,2004,91.5706,25.494,Operational,Rural,6,8,,,0,3,0,6,0,0,0,0,0,0,39,34,33,0,0,0,0,106,106
5097,Meghalaya,17,Ri Bhoi,276,Bhoirymbong,7182,Umroi Crc,Umden Arka,170502007,793103,,UMDEN UMROI SECONDARY SCHOOL,17050200703,Secondary Only,Co. Educational,Private Unaided (Recognized),2008,91.5835,25.4151,Operational,Rural,9,10,State Board,,0,1,0,3,0,0,0,0,0,0,0,0,0,32,34,0,0,66,66
5098,Meghalaya,17,Ri Bhoi,276,Bhoirymbong,7182,Umroi Crc,Umsaitprah,170502008,793103,,CHURCH OF CHRIST L.P.,17050200801,Primary,Co. Educational,Department of Education,1997,91.5998,25.4238,Operational,Rural,1,5,,,0,5,0,5,21,12,12,7,11,9,0,0,0,0,0,0,0,51,72
5099,Meghalaya,17,Ri Bhoi,276,Bhoirymbong,7182,Umroi Crc,Umsaitprah,170502008,793116,,UMDEN UMSAITPRAH RCLP SCHOOL,17050200802,Primary,Co. Educational,Department of Education,2004,91.5847,25.4155,Operational,Rural,1,5,,,0,4,0,3,37,17,16,15,14,10,0,0,0,0,0,0,0,72,109
5100,Meghalaya,17,Ri Bhoi,276,Bhoirymbong,7182,Umeit Crc,Jaiaw Pdeng,170502009,793103,,UMROI PRES UP SCHOOL,17050200901,Upper Primary only,Co. Educational,Government Aided,1979,91.5873,25.5102,Operational,Rural,6,8,,,0,6,3,8,0,0,0,0,0,0,31,46,72,0,0,0,0,149,149
5101,Meghalaya,17,Ri Bhoi,276,Bhoirymbong,7182,Umroi Crc,Jaiaw Pdeng,170502009,793116,,UMROI GOVT. PRIMARY,17050200902,Primary,Co. Educational,Department of Education,1900,91.5838,25.4322,Operational,Rural,1,5,,,0,3,4,3,14,17,11,4,9,8,0,0,0,0,0,0,0,49,63
5102,Meghalaya,17,Ri Bhoi,276,Bhoirymbong,7182,Umeit Crc,Nongrah,170502010,793116,,HOLY FAMILY LP,17050201002,Primary,Co. Educational,Government Aided,1976,91.5805,25.4227,Operational,Rural,1,5,,,0,5,5,2,15,9,21,18,13,8,0,0,0,0,0,0,0,69,84
5103,Meghalaya,17,Ri Bhoi,276,Bhoirymbong,7182,Umroi Crc,Nongrah,170502010,793103,,NONGRAH GOVT. LP,17050201003,Primary,Co. Educational,Department of Education,1970,91.5907,25.4304,Operational,Rural,1,5,,,0,3,0,4,0,22,19,16,18,15,0,0,0,0,0,0,0,90,90
5104,Meghalaya,17,Ri Bhoi,276,Bhoirymbong,7182,Umroi Crc,Nongrah,170502010,793116,,FERRANDO LP SCHOOL,17050201004,Primary with Upper Primary,Co. Educational,Private Unaided (Recognized),1993,91.5938,25.4303,Operational,Rural,1,8,,,12,18,5,10,0,59,63,78,74,70,63,62,71,0,0,0,0,540,540
5105,Meghalaya,17,Ri Bhoi,276,Bhoirymbong,7182,Umroi Crc,Nongrah,170502010,793116,,FERRANDO SECONDARY SCHOOL,17050201005,Secondary Only,Co. Educational,Government Aided,1992,91.5938,25.4303,Operational,Rural,9,10,State Board,,0,18,5,8,0,0,0,0,0,0,0,0,0,79,61,0,0,140,140
5106,Meghalaya,17,Ri Bhoi,276,Bhoirymbong,7182,Umroi Crc,Nongrah,170502010,793116,,FERRANDO HIGHER SECONDARY SCHOOL,17050201006,Higher Secondary only/Jr. College,Co. Educational,Private Unaided (Recognized),1993,91.5938,25.4303,Operational,Rural,11,12,,State Board,0,2,8,6,0,0,0,0,0,0,0,0,0,0,0,0,37,37,37
5107,Meghalaya,17,Ri Bhoi,276,Bhoirymbong,7182,Bhoirymbong Crc,Mynsain,170502011,793116,,MYNSAIN PRES LPS,17050201101,Primary,Co. Educational,Government Aided,1972,92.0157,25.449,Operational,Rural,1,5,,,0,3,0,3,14,10,15,7,10,6,0,0,0,0,0,0,0,48,62
5108,Meghalaya,17,Ri Bhoi,276,Bhoirymbong,7182,Umroi Crc,Mynsain,170502011,793103,,LUMSYNTUNG PRES LPS,17050201102,Primary,Co. Educational,Department of Education,1998,92.0103,25.4406,Operational,Rural,1,5,,,0,3,0,2,26,9,3,6,8,7,0,0,0,0,0,0,0,33,59
5109,Meghalaya,17,Ri Bhoi,276,Bhoirymbong,7182,Umroi Crc,Umktieh,170502012,793116,,ST. MARYS RCLP SCHOOL,17050201201,Primary,Co. Educational,Government Aided,1964,91.5109,25.4308,Operational,Rural,1,5,,,0,4,0,4,21,10,5,9,9,6,0,0,0,0,0,0,0,39,60
5110,Meghalaya,17,Ri Bhoi,276,Bhoirymbong,7182,Umroi Crc,Umktieh,170502012,793116,,LAWSETSNIANG L.P. SCHOOL,17050201202,Primary,Co. Educational,Department of Education,2007,92.002,25.4375,Operational,Rural,1,5,,,0,3,0,3,18,7,10,11,10,4,0,0,0,0,0,0,0,42,60
5111,Meghalaya,17,Ri Bhoi,276,Bhoirymbong,7182,Umroi Crc,Nonglum,170502013,793116,,MAWIONG NONGLUM LP,17050201301,Primary,Co. Educational,Government Aided,1993,92,25.4408,Operational,Rural,1,4,,,0,2,0,1,33,12,6,5,10,0,0,0,0,0,0,0,0,33,66
5112,Meghalaya,17,Ri Bhoi,276,Bhoirymbong,7182,Umroi Crc,Nonglum,170502013,793103,,NONGLUM GOVT. LP SCHOOL,17050201302,Primary,Co. Educational,Department of Education,1954,91.5908,25.4403,Operational,Rural,1,4,,,0,5,0,3,25,20,20,9,8,0,0,0,0,0,0,0,0,57,82
5113,Meghalaya,17,Ri Bhoi,276,Bhoirymbong,7182,Umroi Crc,Nonglum,170502013,793103,,NONGLUM U.P.SCHOOL,17050201303,Upper Primary only,Co. Educational,Department of Education,2004,91.5908,25.4403,Operational,Rural,6,8,,,0,3,0,6,0,0,0,0,0,0,27,14,12,0,0,0,0,53,53
5114,Meghalaya,17,Ri Bhoi,276,Bhoirymbong,7182,Umroi Crc,Nonglum,170502013,793116,,UMSYNRANG UPPER PRIMARY SCHOOL,17050201305,Primary with Upper Primary,Co. Educational,Private Unaided (Recognized),2011,91.5947,25.4457,Operational,Rural,1,8,,,0,10,4,10,42,15,14,13,13,14,9,6,5,0,0,0,0,89,131
5115,Meghalaya,17,Ri Bhoi,276,Bhoirymbong,7182,Umroi Crc,Umtangling,170502014,793116,,UMTANGLING LP SCHOOL,17050201401,Primary,Co. Educational,Government Aided,1980,91.233056,25.454444,Operational,Rural,1,4,,,0,4,0,2,40,11,7,2,8,0,0,0,0,0,0,0,0,28,68
5116,Meghalaya,17,Ri Bhoi,276,Bhoirymbong,7182,Umroi Crc,Umtangling,170502014,793103,,NONGKYNDUN RCLP SCHOOL,17050201402,Primary,Co. Educational,Private Unaided (Recognized),2006,91.0111,25.7205,Operational,Rural,1,4,,,0,4,0,2,24,12,7,10,5,0,0,0,0,0,0,0,0,34,58
5117,Meghalaya,17,Ri Bhoi,276,Bhoirymbong,7182,Umeit Crc,Umroi Madan,170502015,793103,,UMROI MADAN  UP SCHOOL,17050201502,Upper Primary only,Co. Educational,Department of Education,2009,91.5833,25.4105,Operational,Rural,6,8,,,0,3,1,3,0,0,0,0,0,0,28,13,7,0,0,0,0,48,48
5118,Meghalaya,17,Ri Bhoi,276,Bhoirymbong,7182,Umeit Crc,Umroi Madan,170502015,793116,,UMROI MADAN LP SCHOOL,17050201503,Primary,Co. Educational,Private Unaided (Recognized),2009,91.5833,25.4105,Operational,Rural,1,5,,,0,3,0,1,29,9,8,7,18,8,0,0,0,0,0,0,0,50,79
5119,Meghalaya,17,Ri Bhoi,276,Bhoirymbong,7182,Umeit Crc,Umroi Madan,170502015,793103,,UMROI PRESBYTERIAN HIGHER SECONDARY SCHOOL,17050201504,Secondary with Higher Secondary,Co. Educational,Government Aided,1985,91.5836,25.4301,Operational,Rural,9,12,State Board,State Board,0,7,9,13,0,0,0,0,0,0,0,0,0,78,84,64,41,267,267
5120,Meghalaya,17,Ri Bhoi,276,Bhoirymbong,7182,Umroi Crc,Umroi Madan,170502015,793103,,K.V. UMROI CANTT,17050201505,Pri. with Upper Pri. Sec. and H.Sec.,Co. Educational,Kendriya Vidyalaya,1988,91.51,25.43,Operational,Rural,1,12,CBSE,CBSE,1,14,12,21,0,22,39,30,42,45,39,41,37,37,38,19,13,402,402
5121,Meghalaya,17,Ri Bhoi,276,Bhoirymbong,7182,Umeit Crc,Nongsder,170502019,793103,,BETHANY LP & UPS,17050201901,Primary,Co. Educational,Government Aided,1972,91.9185,25.6864,Operational,Rural,1,5,,,0,2,0,6,43,27,36,22,25,28,0,0,0,0,0,0,0,138,181
5122,Meghalaya,17,Ri Bhoi,276,Bhoirymbong,7182,Umeit Crc,Nongsder,170502019,793103,,BETHANY UP SCHOOL,17050201903,Upper Primary only,Co. Educational,Government Aided,1972,91.9185,25.6864,Operational,Rural,6,8,,,0,1,0,7,0,0,0,0,0,0,16,17,19,0,0,0,0,52,52
5123,Meghalaya,17,Ri Bhoi,276,Bhoirymbong,7182,Umeit Crc,Nongsder,170502019,793103,,ST.PETER RCLP NONGSDER,17050201904,Primary,Co. Educational,Government Aided,1962,91.5581,25.4033,Operational,Rural,1,5,,,0,3,4,5,33,17,17,20,23,17,0,0,0,0,0,0,0,94,127
5124,Meghalaya,17,Ri Bhoi,276,Bhoirymbong,7182,Umeit Crc,Nongsder,170502019,793103,,GORKHA VIDHYA JYOTI PATHSALA,17050201907,Primary,Co. Educational,Private Unaided (Recognized),1999,91.5536,25.4046,Operational,Rural,1,5,,,0,4,1,6,52,6,11,12,10,0,0,0,0,0,0,0,0,39,91
5125,Meghalaya,17,Ri Bhoi,276,Bhoirymbong,7182,Umeit Crc,Nongsder,170502019,793103,,ARMY PUBLIC SCHOOL,17050201908,Primary with Upper Primary,Co. Educational,Private Unaided (Recognized),1999,91.5628,25.4104,Operational,Rural,1,8,,,4,11,23,14,0,29,28,33,24,21,18,14,7,0,0,0,0,174,174
5126,Meghalaya,17,Ri Bhoi,276,Bhoirymbong,7182,Umeit Crc,Nongsder,170502019,793103,,ST.PETER UP SCHOOL,17050201909,Upper Primary only,Co. Educational,Private Unaided (Recognized),2013,91.5581,25.4033,Operational,Rural,6,8,,,0,3,0,3,0,0,0,0,0,0,21,19,13,0,0,0,0,53,53
5127,Meghalaya,17,Ri Bhoi,276,Bhoirymbong,7182,Umeit Crc,Nongsder,170502019,793103,,CHRIST SENIOR SECONDARY SCHOOL,17050201910,Pri. with Upper Pri. Sec. and H.Sec.,Co. Educational,Private Unaided (Recognized),2009,91.5452,25.4031,Operational,Rural,1,12,CBSE,CBSE,0,19,7,23,62,22,31,36,23,27,17,28,29,35,19,41,30,338,400
5128,Meghalaya,17,Ri Bhoi,276,Bhoirymbong,7182,Umeit Crc,Nongsder,170502019,793103,NONGSDER,BETHANY HIGHER SECONDARY,17050201911,Secondary with Higher Secondary,Co. Educational,Private Unaided (Recognized),1972,91.9185,25.6804,Operational,Urban,9,10,State Board,,0,1,4,4,0,0,0,0,0,0,0,0,0,9,16,0,0,25,25
5129,Meghalaya,17,Ri Bhoi,276,Bhoirymbong,7182,Umeit Crc,Nongsder,170502019,793103,,ST.PETER'S SECONDARY SCHOOL NONGSDER,17050201913,Secondary Only,Co. Educational,Private Unaided (Recognized),2016,91.5537,25.4048,Operational,Rural,9,10,State Board,,0,2,3,4,0,0,0,0,0,0,0,0,0,23,12,0,0,35,35
5130,Meghalaya,17,Ri Bhoi,276,Bhoirymbong,7182,Umeit Crc,Umiam,170502020,793103,,MESEB SECONDARY SCHOOL-UMIAM,17050202001,Pri. Upper Pri. and Secondary Only,Co. Educational,Other Govt. managed schools,1963,91.5221,25.4003,Operational,Rural,1,10,State Board,,0,8,4,19,0,40,71,79,54,56,51,39,44,33,64,0,0,531,531
5131,Meghalaya,17,Ri Bhoi,276,Bhoirymbong,7182,Umeit Crc,Umeit,170502021,793103,,UMEIT LP SCHOOL,17050202101,Primary,Co. Educational,Government Aided,1990,91.5708,25.4229,Operational,Rural,1,5,,,0,2,0,4,45,26,27,35,20,18,0,0,0,0,0,0,0,126,171
5132,Meghalaya,17,Ri Bhoi,276,Bhoirymbong,7182,Umeit Crc,Umeit,170502021,793116,,UMEIT UPS,17050202102,Upper Primary only,Co. Educational,Department of Education,2005,91.5709,25.4277,Operational,Rural,6,8,,,0,3,0,4,0,0,0,0,0,0,23,28,28,0,0,0,0,79,79
5133,Meghalaya,17,Ri Bhoi,276,Bhoirymbong,7182,Umeit Crc,Umeit,170502021,793116,,UMJER KSIAR LP SCHOOL,17050202103,Primary,Co. Educational,Department of Education,2008,91.5723,25.4281,Operational,Rural,1,5,,,0,1,0,4,10,6,5,8,3,3,0,0,0,0,0,0,0,25,35
5134,Meghalaya,17,Ri Bhoi,276,Bhoirymbong,7182,Umeit Crc,Umeit,170502021,793116,,UMEIT SECONDARY SCHOOL,17050202104,Secondary Only,Co. Educational,Private Unaided (Recognized),2014,91.5706,25.4277,Operational,Rural,9,10,State Board,,0,1,0,3,0,0,0,0,0,0,0,0,0,20,10,0,0,30,30
5135,Meghalaya,17,Ri Bhoi,276,Bhoirymbong,7182,Umeit Crc,Umdoh Byrthih,170502022,793116,,"LANDMARK LOWER PRIMARY SCHOOL,UMROI",17050202201,Primary,Co. Educational,Department of Education,1992,91.5866,25.432,Operational,Rural,1,5,,,0,1,0,5,38,16,18,12,22,16,0,0,0,0,0,0,0,84,122
5136,Meghalaya,17,Ri Bhoi,276,Bhoirymbong,7182,Umeit Crc,Umdoh Byrthih,170502022,793116,,LANDMARK  UPPER PRIMARY SCHOOL. UMROI,17050202202,Upper Primary only,Co. Educational,Department of Education,2006,91.97653,25.71731,Operational,Rural,6,8,,,0,1,0,5,0,0,0,0,0,0,19,18,8,0,0,0,0,45,45
5137,Meghalaya,17,Ri Bhoi,276,Bhoirymbong,7182,Umeit Crc,Lumsohpetbneng,170502023,793103,,LUMSOHPETBNENG LAW NONGTHROH PRESBYTERIAN LP SCHOOL,17050202301,Primary,Co. Educational,Department of Education,1994,91.5646,25.4293,Operational,Rural,1,5,,,0,3,1,2,27,14,9,12,17,4,0,0,0,0,0,0,0,56,83
5138,Meghalaya,17,Ri Bhoi,276,Bhoirymbong,7182,Umeit Crc,Lumsohpetbneng,170502023,793103,,LUMSOHPETBNENG PRESBYTERIAN UP SCHOOL,17050202302,Upper Primary only,Co. Educational,Department of Education,1994,92.084,25.7094,Operational,Rural,6,8,,,0,2,0,4,0,0,0,0,0,0,5,7,2,0,0,0,0,14,14
5139,Meghalaya,17,Ri Bhoi,276,Bhoirymbong,7182,Umeit Crc,Mawpun Kshaid,170502024,793103,,GURKHA MAIPARBAT LP SCHOOL,17050202401,Primary,Co. Educational,Government Aided,1956,91.9346,25.6973,Operational,Rural,1,5,,,0,4,4,2,23,21,33,36,33,34,0,0,0,0,0,0,0,157,180
5140,Meghalaya,17,Ri Bhoi,276,Bhoirymbong,7182,Umeit Crc,Mawpun Kshaid,170502024,793103,,MAIPARBAT UP SCHOOL,17050202402,Upper Primary only,Co. Educational,Department of Education,1993,91.9315,25.6973,Operational,Rural,6,8,,,0,1,1,4,0,0,0,0,0,0,24,21,16,0,0,0,0,61,61
5141,Meghalaya,17,Ri Bhoi,276,Bhoirymbong,7182,Umeit Crc,Mawpun Kshaid,170502024,,,"MAIPARBAT SECONDARY SCHOOL, MAWPUN",17050202403,Secondary Only,Co. Educational,Private Unaided (Recognized),1956,91.5644,25.9067,Operational,Rural,9,10,State Board,,0,1,1,4,0,0,0,0,0,0,0,0,0,14,29,0,0,43,43
5142,Meghalaya,17,Ri Bhoi,276,Bhoirymbong,7182,Bhoirymbong Crc,Lumsohpieng,170502030,793116,,MYNKEN GOVT. UP SCHOOL,17050203001,Pri. Upper Pri. and Secondary Only,Co. Educational,Department of Education,1944,92.025,25.4555,Operational,Rural,0,10,State Board,,0,10,2,13,0,16,28,33,27,31,52,34,31,44,35,0,0,331,331
5143,Meghalaya,17,Ri Bhoi,276,Bhoirymbong,7182,Bhoirymbong Crc,Lumsohpieng,170502030,793116,,GRACE FOUNDATION UP SCHOOL,17050203002,Upper Primary only,Co. Educational,Department of Education,2006,92.0229,25.4467,Operational,Rural,6,8,,,0,3,0,4,0,0,0,0,0,0,35,34,27,0,0,0,0,96,96
5144,Meghalaya,17,Ri Bhoi,276,Bhoirymbong,7182,Bhoirymbong Crc,Lumsohpieng,170502030,793116,,MODERN L.P. SCHOOL,17050203003,Primary,Co. Educational,Government Aided,1989,92.0122,25.4257,Operational,Rural,1,5,,,0,5,1,4,7,5,5,5,5,7,0,0,0,0,0,0,0,27,34
5145,Meghalaya,17,Ri Bhoi,276,Bhoirymbong,7182,Bhoirymbong Crc,Lumsohpieng,170502030,793116,,MODERN U.P. SCHOOL,17050203004,Upper Primary only,Co. Educational,Department of Education,1998,92.0122,25.4227,Operational,Rural,6,8,,,0,3,0,4,0,0,0,0,0,0,4,6,4,0,0,0,0,14,14
5146,Meghalaya,17,Ri Bhoi,276,Bhoirymbong,7182,Bhoirymbong Crc,Lumsohpieng,170502030,793116,,RI BHOI SYNIOD ENGLISH SCHOOL,17050203005,Primary,Co. Educational,Private Unaided (Recognized),2002,92.0134,25.4233,Operational,Rural,0,5,,,0,5,0,6,0,9,9,13,15,20,0,0,0,0,0,0,0,66,66
5147,Meghalaya,17,Ri Bhoi,276,Bhoirymbong,7182,Bhoirymbong Crc,Lumsohpieng,170502030,793116,,R B P SYNOD LP & UP SCHOOL,17050203008,Upper Primary only,Co. Educational,Department of Education,2002,92.0159,25.4391,Operational,Rural,6,8,,,0,3,0,3,0,0,0,0,0,0,15,16,17,0,0,0,0,48,48
5148,Meghalaya,17,Ri Bhoi,276,Bhoirymbong,7182,Bhoirymbong Crc,Lumsohpieng,170502030,793116,,MYNKEN CHRISTIAN SEC SCHOOL,17050203011,Upper Pri. and Secondary,Co. Educational,Government Aided,1963,92.0119,25.4534,Operational,Rural,6,10,State Board,,0,8,14,18,0,0,0,0,0,0,50,40,55,103,57,0,0,305,305
5149,Meghalaya,17,Ri Bhoi,276,Bhoirymbong,7182,Bhoirymbong Crc,Lumsohpieng,170502030,793116,,GRACE FOUNDATION SECONDARY SCHOOL,17050203012,Secondary Only,Co. Educational,Private Unaided (Recognized),2010,92.0229,25.4467,Operational,Rural,9,10,State Board,,0,2,0,3,0,0,0,0,0,0,0,0,0,31,28,0,0,59,59
5150,Meghalaya,17,Ri Bhoi,276,Bhoirymbong,7182,Bhoirymbong Crc,Lumsohpieng,170502030,793103,,MODERN SECONDARY SCHOOL,17050203013,Secondary Only,Co. Educational,Private Unaided (Recognized),1998,92.0208,25.4159,Operational,Rural,9,10,State Board,,0,1,0,3,0,0,0,0,0,0,0,0,0,8,14,0,0,22,22
5151,Meghalaya,17,Ri Bhoi,276,Bhoirymbong,7182,Bhoirymbong Crc,Lumsohpieng,170502030,793116,,MYNKEN CHRISTIAN HIGHER SECONDARY SCHOOL,17050203014,Higher Secondary only/Jr. College,Co. Educational,Government Aided,1963,92.019,25.4534,Operational,Rural,11,12,,State Board,0,4,3,9,0,0,0,0,0,0,0,0,0,0,0,128,133,261,261
5152,Meghalaya,17,Ri Bhoi,276,Bhoirymbong,7182,Bhoirymbong Crc,Lumsohpieng,170502030,793116,,MYNKEN CHRISTIAN LP SCHOOL,17050203015,Primary,Co. Educational,Private Unaided (Recognized),1981,92.0132,25.4509,Operational,Rural,1,5,,,0,5,0,4,63,20,21,26,29,37,0,0,0,0,0,0,0,133,196
5153,Meghalaya,17,Ri Bhoi,276,Bhoirymbong,7182,Bhoirymbong Crc,Lumsohpieng,170502030,793116,,RI BHOI PRESBYTERIAN ENGLISH SECONDARY SCHOOL,17050203016,Secondary Only,Co. Educational,Private Unaided (Recognized),2015,92.0132,25.4232,Operational,Rural,9,10,State Board,,0,2,0,5,0,0,0,0,0,0,0,0,0,29,25,0,0,54,54
5154,Meghalaya,17,Ri Bhoi,276,Bhoirymbong,7182,Bhoirymbong Crc,Lumsohpieng,170502030,,,GUILDINGSTAR ENGLISH LOWER PRIMARY SCHOOL,17050203017,Primary,Co. Educational,Unrecognized,2019,92.0119,25.4238,Operational,Rural,1,4,,,0,4,1,5,28,14,6,0,3,0,0,0,0,0,0,0,0,23,51
5155,Meghalaya,17,Ri Bhoi,276,Bhoirymbong,7182,Bhoirymbong Crc,Lumdaitkhla,170502031,793116,,LUMDAITKHLA UPS,17050203101,Upper Primary only,Co. Educational,Government Aided,1996,92.025,25.4255,Operational,Rural,6,8,,,0,3,0,4,0,0,0,0,0,0,4,10,7,0,0,0,0,21,21
5156,Meghalaya,17,Ri Bhoi,276,Bhoirymbong,7182,Bhoirymbong Crc,Lumdaitkhla,170502031,793116,,LUMDAITKHLA GOVT. LPS,17050203102,Primary,Co. Educational,Department of Education,1967,92.056,25.4202,Operational,Rural,1,5,,,0,5,1,5,17,14,11,11,13,7,0,0,0,0,0,0,0,56,73
5157,Meghalaya,17,Ri Bhoi,276,Bhoirymbong,7182,Bhoirymbong Crc,Lumdaitkhla,170502031,793116,,HOLY ANGELS LP & UP SCHOOLS,17050203105,Pri. Upper Pri. and Secondary Only,Co. Educational,Private Unaided (Recognized),2004,92.0108,25.4159,Operational,Rural,0,10,State Board,,1,15,4,16,99,43,44,43,64,46,75,57,72,87,71,0,0,602,701
5158,Meghalaya,17,Ri Bhoi,276,Bhoirymbong,7182,Bhoirymbong Crc,Lumdaitkhla,170502031,793116,,J.J.M.NICHOLS ROY L.P- SCHOOL,17050203106,Primary,Co. Educational,Department of Education,2000,92.012,25.4217,Operational,Rural,1,5,,,0,4,4,2,27,15,14,12,13,12,0,0,0,0,0,0,0,66,93
5159,Meghalaya,17,Ri Bhoi,276,Bhoirymbong,7182,Bhoirymbong Crc,Lumdaitkhla,170502031,793116,,EASTERN RI BHOI HR. SEC. SCHOOL,17050203108,Higher Secondary only/Jr. College,Co. Educational,Private Unaided (Recognized),2000,92.012,25.4221,Operational,Rural,11,12,,State Board,0,2,2,5,0,0,0,0,0,0,0,0,0,0,0,20,15,35,35
5160,Meghalaya,17,Ri Bhoi,276,Bhoirymbong,7182,Bhoirymbong Crc,Lumdaitkhla,170502031,793116,,CATHOLIC ENGLISH SCHOOL,17050203109,Primary with Upper Primary,Co. Educational,Private Unaided (Recognized),2008,92.013,25.4222,Operational,Rural,0,8,,,0,10,2,11,72,29,30,28,22,30,22,17,11,0,0,0,0,189,261
5161,Meghalaya,17,Ri Bhoi,276,Bhoirymbong,7182,Mawbri Crc,Mawtneng,170502032,793116,,MAWTNENG UPS,17050203201,Upper Primary only,Co. Educational,Government Aided,1996,92.216,25.4317,Operational,Rural,6,8,,,0,3,0,4,0,0,0,0,0,0,11,17,11,0,0,0,0,39,39
5162,Meghalaya,17,Ri Bhoi,276,Bhoirymbong,7182,Mawbri Crc,Mawtneng,170502032,793116,,MAWTNENG GOVT. LP SCHOOL,17050203202,Primary,Co. Educational,Department of Education,1950,92.0215,25.4317,Operational,Rural,1,5,,,0,6,1,3,33,19,18,19,20,25,0,0,0,0,0,0,0,101,134
5163,Meghalaya,17,Ri Bhoi,276,Bhoirymbong,7182,Mawbri Crc,Mawtneng,170502032,793116,,MAWTNENG SEC SCHOOL,17050203204,Secondary Only,Co. Educational,Private Unaided (Recognized),2009,92.0377,25.7213,Operational,Rural,9,10,State Board,,0,2,2,3,0,0,0,0,0,0,0,0,0,22,13,0,0,35,35
5164,Meghalaya,17,Ri Bhoi,276,Bhoirymbong,7182,Mawbri Crc,Mawtneng,170502032,793116,,MAWTNENG ENGLISH SCHOOL,17050203205,Primary,Co. Educational,Private Unaided (Recognized),2010,92.0218,25.432,Operational,Rural,1,4,,,0,6,0,4,20,7,2,5,2,0,0,0,0,0,0,0,0,16,36
5165,Meghalaya,17,Ri Bhoi,276,Bhoirymbong,7182,Mawbri Crc,Umshaproh Nonglamet,170502033,793116,,UMSHAPROH RCLP SCHOOL,17050203302,Primary,Co. Educational,Department of Education,1990,92.0202,25.4302,Operational,Rural,1,4,,,0,4,0,3,11,9,2,3,0,0,0,0,0,0,0,0,0,14,25
5166,Meghalaya,17,Ri Bhoi,276,Bhoirymbong,7182,Bhoirymbong Crc,Madan Nonglakhiat,170502034,793116,,MIRACLE L.P. SCHOOL,17050203402,Primary,Co. Educational,Private Unaided (Recognized),2005,92.0013,25.4143,Operational,Rural,1,5,,,0,5,0,2,21,11,14,8,13,10,0,0,0,0,0,0,0,56,77
5167,Meghalaya,17,Ri Bhoi,276,Bhoirymbong,7182,Bhoirymbong Crc,Madan Nonglakhiat,170502034,793116,,MADAN NONGLAKHIAT LP SCHOOL,17050203403,Primary,Co. Educational,Government Aided,1983,91.5257,25.4239,Operational,Rural,1,5,,,0,4,4,3,15,10,12,10,3,5,0,0,0,0,0,0,0,40,55
5168,Meghalaya,17,Ri Bhoi,276,Bhoirymbong,7182,Bhoirymbong Crc,Lumshyiap,170502035,793116,,UP LUMSHYIAP,17050203501,Upper Primary only,Co. Educational,Government Aided,1979,91.5953,25.4052,Operational,Rural,6,8,,,0,3,1,4,0,0,0,0,0,0,8,9,5,0,0,0,0,22,22
5169,Meghalaya,17,Ri Bhoi,276,Bhoirymbong,7182,Bhoirymbong Crc,Lumshyiap,170502035,793116,,GOVT. LP SCHOOL LUMSHYIAP,17050203502,Primary,Co. Educational,Department of Education,1961,91.5944,25.4031,Operational,Rural,1,5,,,0,4,1,4,66,12,14,4,11,10,0,0,0,0,0,0,0,51,117
5170,Meghalaya,17,Ri Bhoi,276,Bhoirymbong,7182,Mawbri Crc,Thad Nongiaw,170502037,793116,,THADNONGIAW RCLP,17050203701,Primary,Co. Educational,Government Aided,1960,92.3395,25.4418,Operational,Rural,1,5,,,0,4,3,3,64,10,6,8,9,8,0,0,0,0,0,0,0,41,105
5171,Meghalaya,17,Ri Bhoi,276,Bhoirymbong,7182,Mawbri Crc,Thad Nongiaw,170502037,793116,,BALAWAN UP SCHOOL THADNONGIAW,17050203706,Upper Primary only,Co. Educational,Private Unaided (Recognized),2008,92.0354,25.4418,Operational,Rural,6,8,,,0,5,0,3,0,0,0,0,0,0,17,10,9,0,0,0,0,36,36
5172,Meghalaya,17,Ri Bhoi,276,Bhoirymbong,7182,Mawbri Crc,Thad Nongiaw,170502037,,,JAMES KOLIS BLAH MEMORIAL SCHOOL,17050203707,Primary,Co. Educational,Unrecognized,2019,92.345,25.4419,Operational,Rural,1,5,,,0,3,1,4,0,7,5,0,0,0,0,0,0,0,0,0,0,12,12
5173,Meghalaya,17,Ri Bhoi,276,Bhoirymbong,7182,Mawbri Crc,Madan Rtiang,170502039,793116,,JINGIASENG KYNTHEI DIST LPS,17050203902,Primary,Co. Educational,Department of Education,2001,92.0258,25.4347,Operational,Rural,1,5,,,0,2,0,2,12,7,4,2,1,3,0,0,0,0,0,0,0,17,29
5174,Meghalaya,17,Ri Bhoi,276,Bhoirymbong,7182,Mawbri Crc,Mawbri,170502040,793116,,LITTLE  FLOWER SECONDARY SCHOOL,17050204003,Upper Primary only,Co. Educational,Government Aided,1965,92.0259,25.4348,Operational,Rural,6,8,,,0,8,0,6,0,0,0,0,0,0,98,101,86,0,0,0,0,285,285
5175,Meghalaya,17,Ri Bhoi,276,Bhoirymbong,7182,Mawbri Crc,Mawbri,170502040,793116,,RAID IAPNGAR LPS,17050204004,Primary,Co. Educational,Private Unaided (Recognized),2006,92.0317,25.4352,Operational,Rural,1,5,,,0,2,0,3,42,23,21,21,25,14,0,0,0,0,0,0,0,104,146
5176,Meghalaya,17,Ri Bhoi,276,Bhoirymbong,7182,Mawbri Crc,Mawbri,170502040,793116,,LITTLE FLOWER HR SEC SCHOOL,17050204005,Primary,Co. Educational,Government Aided,1965,92.0259,25.4346,Operational,Rural,1,5,,,0,20,0,6,64,38,42,57,49,71,0,0,0,0,0,0,0,257,321
5177,Meghalaya,17,Ri Bhoi,276,Bhoirymbong,7182,Mawbri Crc,Mawbri,170502040,793116,,RAID IAPNGAR UPS,17050204006,Upper Primary only,Co. Educational,Department of Education,2006,92.0317,25.4353,Operational,Rural,6,8,,,0,3,0,3,0,0,0,0,0,0,34,23,24,0,0,0,0,81,81
5178,Meghalaya,17,Ri Bhoi,276,Bhoirymbong,7182,Mawbri Crc,Mawbri,170502040,793116,,LITTLE FLOWER SEC SCHOOL,17050204007,Secondary Only,Co. Educational,Government Aided,1965,92.0495,25.7297,Operational,Rural,9,10,State Board,,1,4,4,6,0,0,0,0,0,0,0,0,0,102,111,0,0,213,213
5179,Meghalaya,17,Ri Bhoi,276,Bhoirymbong,7182,Mawbri Crc,Mawbri,170502040,793116,,LITTLE FLOWER ENGLISH SCHOOL,17050204008,Primary,Co. Educational,Private Unaided (Recognized),1995,92.0301,25.4348,Operational,Rural,1,5,,,0,4,2,7,54,24,23,27,25,25,0,0,0,0,0,0,0,124,178
5180,Meghalaya,17,Ri Bhoi,276,Bhoirymbong,7182,Mawbri Crc,Mawbri,170502040,793116,,LITTLE FLOWER HIGHER SECONDARY SCHOOL,17050204009,Higher Secondary only/Jr. College,Co. Educational,Private Unaided (Recognized),1965,92.0259,25.4346,Operational,Rural,11,12,,State Board,0,2,2,6,0,0,0,0,0,0,0,0,0,0,0,83,82,165,165
5181,Meghalaya,17,Ri Bhoi,276,Bhoirymbong,7182,Mawbri Crc,Mawbri,170502040,793116,,RAID IAPNGAR SECONDARY SCHOOL MAWBRI,17050204010,Secondary Only,Co. Educational,Private Unaided (Recognized),2006,92.0311,25.4351,Operational,Rural,9,10,State Board,,0,2,0,5,0,0,0,0,0,0,0,0,0,31,26,0,0,57,57
5182,Meghalaya,17,Ri Bhoi,276,Bhoirymbong,7182,Mawbri Crc,Tyrsha,170502041,793116,,RCLP SCHOOL TYRSHA,17050204102,Primary,Co. Educational,Department of Education,2003,92.0416,25.4409,Operational,Rural,1,5,,,0,4,0,2,16,7,6,6,1,2,0,0,0,0,0,0,0,22,38
5183,Meghalaya,17,Ri Bhoi,276,Bhoirymbong,7182,Nongtraw Crc,Umtung,170502043,793116,,SOHLIYA PRES L.P. SCHOOL,17050204302,Primary,Co. Educational,Department of Education,1995,92.0212,25.4128,Operational,Rural,1,5,,,0,1,0,2,10,8,6,3,3,2,0,0,0,0,0,0,0,22,32
5184,Meghalaya,17,Ri Bhoi,276,Bhoirymbong,7182,Nongtraw Crc,Umtung,170502043,793116,,UMTUNG RCLP SCHOOL,17050204303,Primary,Co. Educational,Government Aided,1979,92.0207,25.4115,Operational,Rural,1,5,,,0,2,0,2,18,9,12,7,7,11,0,0,0,0,0,0,0,46,64
5185,Meghalaya,17,Ri Bhoi,276,Bhoirymbong,7182,Nongtraw Crc,Umtung,170502043,793103,,UMTUNG RCUP SCHOOL,17050204304,Upper Primary only,Co. Educational,Department of Education,2007,92.0207,25.4115,Operational,Rural,6,8,,,0,1,1,4,0,0,0,0,0,0,12,7,4,0,0,0,0,23,23
5186,Meghalaya,17,Ri Bhoi,276,Bhoirymbong,7182,Mawbri Crc,Kdonghulu,170502044,793116,,KDONGHULU PRES. LP,17050204401,Primary,Co. Educational,Government Aided,1971,92.0408,25.4436,Operational,Rural,1,5,,,0,6,2,4,12,22,19,19,21,30,0,0,0,0,0,0,0,111,123
5187,Meghalaya,17,Ri Bhoi,276,Bhoirymbong,7182,Mawbri Crc,Kdonghulu,170502044,793116,,KDONGHULU PRES U.P,17050204402,Upper Primary only,Co. Educational,Department of Education,2001,92.0407,25.4437,Operational,Rural,6,8,,,0,3,1,4,0,0,0,0,0,0,18,22,28,0,0,0,0,68,68
5188,Meghalaya,17,Ri Bhoi,276,Bhoirymbong,7182,Mawbri Crc,Kdonghulu,170502044,793116,,KDONGHULU PRES SECONDARY SCHOOL,17050204404,Secondary Only,Co. Educational,Private Unaided (Recognized),2006,92.0469,25.4436,Operational,Rural,9,10,State Board,,0,2,2,3,0,0,0,0,0,0,0,0,0,28,20,0,0,48,48
5189,Meghalaya,17,Ri Bhoi,276,Bhoirymbong,7182,Mawbri Crc,Nongrim Nongladew,170502045,793116,,NONGRIM NONGLADEW PRES L.P. SCHOOL,17050204501,Primary,Co. Educational,Department of Education,1996,92.0247,25.4305,Operational,Rural,1,5,,,0,3,0,2,6,8,3,4,3,4,0,0,0,0,0,0,0,22,28
5190,Meghalaya,17,Ri Bhoi,276,Bhoirymbong,7182,Liarbang Crc,Liarkhla,170502046,793116,,RCLP SCHOOL LIARKHLA,17050204601,Primary,Co. Educational,Department of Education,1991,92.0434,25.4444,Operational,Rural,1,5,,,0,3,0,2,24,7,11,8,8,6,0,0,0,0,0,0,0,40,64
5191,Meghalaya,17,Ri Bhoi,276,Bhoirymbong,7182,Liarbang Crc,Liarkhla,170502046,793116,,UMDIHDKHAR L.P. SCHOOL,17050204602,Primary,Co. Educational,Department of Education,2003,92.0434,25.4427,Operational,Rural,1,5,,,0,3,0,2,18,5,3,3,3,1,0,0,0,0,0,0,0,15,33
5192,Meghalaya,17,Ri Bhoi,276,Bhoirymbong,7182,Mawbri Crc,Khwang,170502047,793116,,KHWENG GOVT. LP,17050204701,Primary,Co. Educational,Department of Education,1952,92.0319,25.4429,Operational,Rural,1,5,,,0,3,0,1,22,18,10,6,8,5,0,0,0,0,0,0,0,47,69
5193,Meghalaya,17,Ri Bhoi,276,Bhoirymbong,7182,Mawbri Crc,Khwang,170502047,,,KHWENG UPPER PRIMARY SCHOOL,17050204702,Upper Primary only,Co. Educational,Unrecognized,2019,92.345,25.4419,Operational,Rural,6,8,,,0,3,0,3,0,0,0,0,0,0,10,7,6,0,0,0,0,23,23
5194,Meghalaya,17,Ri Bhoi,276,Bhoirymbong,7182,Mawbri Crc,Mynri Umsning,170502048,793116,,MYNRI UMSNING GOVT. LP,17050204801,Primary,Co. Educational,Department of Education,1963,92.0312,25.4515,Operational,Rural,1,5,,,0,3,0,2,10,13,10,10,10,11,0,0,0,0,0,0,0,54,64
5195,Meghalaya,17,Ri Bhoi,276,Bhoirymbong,7182,Mawbri Crc,Mynri Umsning,170502048,793116,,MYNRI UMSNING U.P.S.,17050204802,Upper Primary only,Co. Educational,Department of Education,1999,92.0312,25.4515,Operational,Rural,6,8,,,0,3,0,4,0,0,0,0,0,0,12,8,6,0,0,0,0,26,26
5196,Meghalaya,17,Ri Bhoi,276,Bhoirymbong,7182,Mawbri Crc,Mynri Umsning,170502048,793116,,MYNRI UMSNING ENGLISH SCHOOL,17050204803,Primary,Co. Educational,Private Unaided (Recognized),2013,92.0312,25.4515,Operational,Rural,1,5,,,0,3,0,2,53,18,7,9,8,8,0,0,0,0,0,0,0,50,103
5197,Meghalaya,17,Ri Bhoi,276,Bhoirymbong,7182,Mawbri Crc,It-Soh-Pa-Ir,170502049,793116,,IT-SOH-PA-IR LP SCHOOL,17050204901,Primary,Co. Educational,Government Aided,1975,92.0415,25.4615,Operational,Rural,1,5,,,0,4,0,2,32,3,6,7,6,6,0,0,0,0,0,0,0,28,60
5198,Meghalaya,17,Ri Bhoi,276,Bhoirymbong,7182,Mawbri Crc,It-Soh-Pa-Ir,170502049,793116,,LITTLE STAR LP SCHOOL,17050204902,Primary,Co. Educational,Private Unaided (Recognized),2008,92.0491,25.4555,Operational,Rural,1,5,,,0,2,0,2,12,4,2,0,2,3,0,0,0,0,0,0,0,11,23
5199,Meghalaya,17,Ri Bhoi,276,Bhoirymbong,7182,Bhoirymbong Crc,Khapmara,170502050,793116,,KHAPMARA LP SCHOOL,17050205001,Primary,Co. Educational,Government Aided,1995,91.0191,25.4404,Operational,Rural,1,4,,,0,4,0,1,22,7,5,6,4,0,0,0,0,0,0,0,0,22,44
5200,Meghalaya,17,Ri Bhoi,276,Bhoirymbong,7182,Bhoirymbong Crc,Khapmara,170502050,793116,,RCLP SCHOOL KHAPMARA,17050205002,Primary,Co. Educational,Private Unaided (Recognized),2002,91.2825,25.31694,Operational,Rural,1,4,,,0,4,0,1,5,1,2,0,2,0,0,0,0,0,0,0,0,5,10
5201,Meghalaya,17,Ri Bhoi,276,Bhoirymbong,7182,Kyrdem Crc,Kyrdem,170502055,793116,,KYRDEM UP SCHOOL,17050205501,Upper Primary only,Co. Educational,Government Aided,1968,92.0422,25.4133,Operational,Rural,6,8,,,0,3,0,5,0,0,0,0,0,0,12,10,11,0,0,0,0,33,33
5202,Meghalaya,17,Ri Bhoi,276,Bhoirymbong,7182,Kyrdem Crc,Kyrdem,170502055,793116,,KYRDEM GOVT. LP SCHOOL,17050205502,Primary,Co. Educational,Department of Education,1957,92.0422,25.4133,Operational,Rural,1,5,,,0,2,1,5,18,10,9,9,13,16,0,0,0,0,0,0,0,57,75
5203,Meghalaya,17,Ri Bhoi,276,Bhoirymbong,7182,Kyrdem Crc,Kyrdem,170502055,793116,,BETHEL LP SCHOOL,17050205503,Primary,Co. Educational,Private Unaided (Recognized),1998,91.316944,25.787778,Operational,Rural,1,4,,,0,2,0,6,49,15,10,9,12,0,0,0,0,0,0,0,0,46,95
5204,Meghalaya,17,Ri Bhoi,276,Bhoirymbong,7182,Kyrdem Crc,Kyrdem,170502055,793116,,KYRDEM PRES. UP SCHOOL,17050205504,Upper Primary only,Co. Educational,Department of Education,1997,92.0402,25.4117,Operational,Rural,6,8,,,0,4,1,5,0,0,0,0,0,0,75,42,32,0,0,0,0,149,149
5205,Meghalaya,17,Ri Bhoi,276,Bhoirymbong,7182,Kyrdem Crc,Kyrdem,170502055,793116,,WAHLARNEI L.P. SCHOOL,17050205506,Primary,Co. Educational,Department of Education,2006,92.0414,25.4152,Operational,Rural,1,5,,,0,2,0,2,22,12,8,10,9,9,0,0,0,0,0,0,0,48,70
5206,Meghalaya,17,Ri Bhoi,276,Bhoirymbong,7182,Kyrdem Crc,Kyrdem,170502055,793116,,LUMLAPHIENG L.P.SCHOOL,17050205507,Primary,Co. Educational,Department of Education,2000,92.0446,25.313,Operational,Rural,1,5,,,0,2,1,2,25,10,20,21,18,21,0,0,0,0,0,0,0,90,115
5207,Meghalaya,17,Ri Bhoi,276,Bhoirymbong,7182,Kyrdem Crc,Kyrdem,170502055,793116,,KYRDEM SEC SCHOOL,17050205508,Secondary Only,Co. Educational,Government Aided,1988,92.0422,25.4136,Operational,Rural,9,10,State Board,,0,4,7,9,0,0,0,0,0,0,0,0,0,41,39,0,0,80,80
5208,Meghalaya,17,Ri Bhoi,276,Bhoirymbong,7182,Klew Crc,Klew,170502056,793116,,KLEW PRES. UP. SCHOOL,17050205601,Upper Primary only,Co. Educational,Department of Education,2000,92.0611,25.4012,Operational,Rural,6,8,,,0,4,0,4,0,0,0,0,0,0,27,23,22,0,0,0,0,72,72
5209,Meghalaya,17,Ri Bhoi,276,Bhoirymbong,7182,Klew Crc,Klew,170502056,793103,,KLEW RCLP SCHOOL,17050205602,Primary,Co. Educational,Department of Education,1979,92.0617,25.4005,Operational,Rural,1,5,,,0,5,0,2,71,38,36,25,29,18,0,0,0,0,0,0,0,146,217
5210,Meghalaya,17,Ri Bhoi,276,Bhoirymbong,7182,Klew Crc,Klew,170502056,793116,,KLEW UNITARIAN SCHOOL,17050205603,Primary,Co. Educational,Department of Education,1985,92.045,25.4173,Operational,Rural,1,4,,,0,4,0,2,14,10,4,4,7,0,0,0,0,0,0,0,0,25,39
5211,Meghalaya,17,Ri Bhoi,276,Bhoirymbong,7182,Klew Crc,Klew,170502056,793116,,KLEW PRES L.P.SCHOOL,17050205604,Primary,Co. Educational,Government Aided,1972,92.0611,25.4012,Operational,Rural,1,5,,,0,2,0,2,22,30,24,21,17,13,0,0,0,0,0,0,0,105,127
5212,Meghalaya,17,Ri Bhoi,276,Bhoirymbong,7182,Klew Crc,Klew,170502056,793116,,SHILLIANG UMKLEW L.P. SCHOOL,17050205605,Primary,Co. Educational,Department of Education,2005,92.0618,25.3954,Operational,Rural,1,5,,,0,2,0,5,28,22,16,17,18,13,0,0,0,0,0,0,0,86,114
5213,Meghalaya,17,Ri Bhoi,276,Bhoirymbong,7182,Klew Crc,Klew,170502056,793103,,KLEW  LUM RCLP SCHOOL,17050205606,Primary,Co. Educational,Private Unaided (Recognized),2006,92.0654,25.4002,Operational,Rural,1,5,,,0,1,0,2,32,14,11,10,12,4,0,0,0,0,0,0,0,51,83
5214,Meghalaya,17,Ri Bhoi,276,Bhoirymbong,7182,Klew Crc,Klew,170502056,793116,,KLEW PRESBYTREN SECONDARY SCHOOL,17050205607,Secondary Only,Co. Educational,Private Unaided (Recognized),2010,92.0611,25.4012,Operational,Rural,9,10,State Board,,0,1,0,5,0,0,0,0,0,0,0,0,0,25,20,0,0,45,45
5215,Meghalaya,17,Ri Bhoi,276,Bhoirymbong,7182,Klew Crc,Mawbsein,170502057,793116,,ST. JOSEPH RCLP SCHOOL,17050205701,Primary,Co. Educational,Government Aided,1960,92.443,25.394,Operational,Rural,1,5,,,0,2,0,3,64,14,24,27,10,17,0,0,0,0,0,0,0,92,156
5216,Meghalaya,17,Ri Bhoi,276,Bhoirymbong,7182,Klew Crc,Mawbsein,170502057,793116,,MAWBSEIN GOVT. LP SCHOOL,17050205702,Primary,Co. Educational,Department of Education,1980,92.0423,25.3951,Operational,Rural,1,5,,,0,2,0,3,38,17,11,3,3,3,0,0,0,0,0,0,0,37,75
5217,Meghalaya,17,Ri Bhoi,276,Bhoirymbong,7182,Klew Crc,Mawbsein,170502057,793116,,MAWBSEIN RCUP SCHOOL,17050205704,Upper Primary only,Co. Educational,Department of Education,1998,92.0443,25.3942,Operational,Rural,6,8,,,0,3,0,4,0,0,0,0,0,0,22,17,17,0,0,0,0,56,56
5218,Meghalaya,17,Ri Bhoi,276,Bhoirymbong,7182,Klew Crc,Mawbsein,170502057,793103,,SENG KHASI UP SCHOOL,17050205705,Upper Primary only,Co. Educational,Department of Education,1998,92.5347,25.4343,Operational,Rural,6,8,,,0,4,0,4,0,0,0,0,0,0,11,9,14,0,0,0,0,34,34
5219,Meghalaya,17,Ri Bhoi,276,Bhoirymbong,7182,Klew Crc,Mawbsein,170502057,793116,,IAIMINOT  L.P.S. KREMSADHU,17050205706,Primary,Co. Educational,Department of Education,2005,92.443,25.3917,Operational,Rural,1,4,,,0,3,0,2,36,12,16,12,11,0,0,0,0,0,0,0,0,51,87
5220,Meghalaya,17,Ri Bhoi,276,Bhoirymbong,7182,Klew Crc,Mawbsein,170502057,793116,,LUMUMNAN PRES L.P. SCHOOL,17050205707,Primary,Co. Educational,Department of Education,2005,92.0425,25.3933,Operational,Rural,1,5,,,0,2,0,2,22,8,8,4,3,9,0,0,0,0,0,0,0,32,54
5221,Meghalaya,17,Ri Bhoi,276,Bhoirymbong,7182,Klew Crc,Mawbsein,170502057,793103,,SENG KHASI LPS MAWBSEIN,17050205709,Primary,Co. Educational,Private Unaided (Recognized),1998,92.5328,25.4328,Operational,Rural,1,5,,,0,3,0,5,37,20,17,24,7,8,0,0,0,0,0,0,0,76,113
5222,Meghalaya,17,Ri Bhoi,276,Bhoirymbong,7182,Klew Crc,Mawbsein,170502057,793116,,SENG KHASI SECONDARY SCHOOL MAWBSEIN,17050205710,Secondary Only,Co. Educational,Private Unaided (Recognized),1998,92.5337,25.4311,Operational,Rural,9,10,State Board,,0,2,0,6,0,0,0,0,0,0,0,0,0,17,19,0,0,36,36
5223,Meghalaya,17,Ri Bhoi,276,Bhoirymbong,7182,Klew Crc,Mawbsein,170502057,,,ZION ACADEMY SECONDARY SCHOOL,17050205711,Pri. Upper Pri. and Secondary Only,Co. Educational,Private Unaided (Recognized),2017,92.0421,25.4004,Operational,Rural,1,10,State Board,,0,10,2,12,0,55,32,22,33,31,35,35,37,45,31,0,0,356,356
5224,Meghalaya,17,Ri Bhoi,276,Bhoirymbong,7182,Nongtraw Crc,Umket,170502058,793116,,UMKET GOVT. LP SCHOOL,17050205801,Primary,Co. Educational,Department of Education,1954,92.0235,25.4155,Operational,Rural,1,5,,,0,2,0,3,24,5,10,11,16,14,0,0,0,0,0,0,0,56,80
5225,Meghalaya,17,Ri Bhoi,276,Bhoirymbong,7182,Nongtraw Crc,Umket,170502058,793116,,UMKET U.P. SCHOOL,17050205803,Upper Primary only,Co. Educational,Department of Education,2003,92.0235,25.4155,Operational,Rural,6,8,,,0,1,1,4,0,0,0,0,0,0,18,13,10,0,0,0,0,41,41
5226,Meghalaya,17,Ri Bhoi,276,Bhoirymbong,7182,Nongtraw Crc,Umket,170502058,793116,,UMKET (NAPSHRIEH) RCLP SCHOOL,17050205804,Primary,Co. Educational,Private Unaided (Recognized),1990,92.0434,25.6591,Operational,Rural,1,4,,,0,1,0,2,15,8,4,2,1,0,0,0,0,0,0,0,0,15,30
5227,Meghalaya,17,Ri Bhoi,276,Bhoirymbong,7182,Nongtraw Crc,Umket,170502058,793116,,ST. TERESA ENGLISH SCHOOL,17050205805,Primary with Upper Primary,Co. Educational,Private Unaided (Recognized),2018,92.012,25.4143,Operational,Rural,1,8,,,0,3,1,11,82,29,30,19,22,21,12,15,12,0,0,0,0,160,242
5228,Meghalaya,17,Ri Bhoi,276,Bhoirymbong,7182,Kyrdem Crc,Mawpun,170502059,793116,,MAWPUN RCLP SCHOOL,17050205901,Primary,Co. Educational,Government Aided,1987,92.03583,25.91944,Operational,Rural,1,5,,,0,3,1,2,34,21,13,16,8,10,0,0,0,0,0,0,0,68,102
5229,Meghalaya,17,Ri Bhoi,276,Bhoirymbong,7182,Kyrdem Crc,Mawpun,170502059,793116,,MAWPUN PRES UP SCHOOL,17050205903,Upper Primary only,Co. Educational,Department of Education,1970,92.0319,25.4102,Operational,Rural,6,8,,,0,3,0,4,0,0,0,0,0,0,12,12,10,0,0,0,0,34,34
5230,Meghalaya,17,Ri Bhoi,276,Bhoirymbong,7182,Kyrdem Crc,Mawpun,170502059,793116,,SENG KHASI LPS KHARKHLIENG MAWPUN,17050205905,Primary,Co. Educational,Department of Education,2007,92.5345,25.4345,Operational,Rural,1,5,,,0,2,0,2,25,28,25,29,23,27,0,0,0,0,0,0,0,132,157
5231,Meghalaya,17,Ri Bhoi,276,Bhoirymbong,7182,Kyrdem Crc,Mawpun,170502059,793116,,MAWPUN PRES LP SCHOOL,17050205907,Primary,Co. Educational,Private Unaided (Recognized),1970,91.58306,25.51528,Operational,Rural,1,5,,,0,2,0,2,27,9,3,7,7,3,0,0,0,0,0,0,0,29,56
5232,Meghalaya,17,Ri Bhoi,276,Bhoirymbong,7182,Kyrdem Crc,Mawpun,170502059,793116,,SENG KHASI UPS KHARKHLIENG MAWPUN,17050205908,Upper Primary only,Co. Educational,Private Unaided (Recognized),2007,92.0345,25.4045,Operational,Rural,6,8,,,0,1,0,4,0,0,0,0,0,0,16,24,14,0,0,0,0,54,54
5233,Meghalaya,17,Ri Bhoi,276,Bhoirymbong,7182,Kyrdem Crc,Mawpun,170502059,793116,,LUM LYNGDOH LP & UP SCHOOL,17050205909,Primary with Upper Primary,Co. Educational,Private Unaided (Recognized),2011,92.0306,25.4109,Operational,Rural,0,8,,,0,8,8,6,0,2,4,3,7,6,14,8,1,0,0,0,0,45,45
5234,Meghalaya,17,Ri Bhoi,276,Bhoirymbong,7182,Nongtraw Crc,Bangla Nongtraw,170502061,793116,,MANSING UPS COG NONGTRAW,17050206101,Upper Primary only,Co. Educational,Government Aided,1995,92.0077,25.5511,Operational,Rural,6,8,,,0,2,1,5,0,0,0,0,0,0,16,12,19,0,0,0,0,47,47
5235,Meghalaya,17,Ri Bhoi,276,Bhoirymbong,7182,Nongtraw Crc,Bangla Nongtraw,170502061,793116,,GOVT. LP SCHOOL NONGTRAW,17050206103,Primary,Co. Educational,Department of Education,1964,92.057,25.411,Operational,Rural,1,5,,,0,3,0,3,26,28,20,10,10,8,0,0,0,0,0,0,0,76,102
5236,Meghalaya,17,Ri Bhoi,276,Bhoirymbong,7182,Nongtraw Crc,Bangla Nongtraw,170502061,793116,,MANSING LP SCHOOL COG NONGTRAW,17050206104,Primary,Co. Educational,Private Unaided (Recognized),1996,92.0102,25.4109,Operational,Rural,1,5,,,0,2,0,4,20,14,15,22,14,14,0,0,0,0,0,0,0,79,99
5237,Meghalaya,17,Ri Bhoi,276,Bhoirymbong,7182,Nongtraw Crc,Bangla Nongtraw,170502061,793116,,BANGLA LP SCHOOL NONGTRAW,17050206106,Primary,Co. Educational,Department of Education,2001,92.02625,25.70306,Operational,Rural,1,5,,,0,5,0,2,41,14,15,13,11,10,0,0,0,0,0,0,0,63,104
5238,Meghalaya,17,Ri Bhoi,276,Bhoirymbong,7182,Nongtraw Crc,Bangla Nongtraw,170502061,793116,,RCLP NONGTRAW SCHOOL,17050206109,Primary,Co. Educational,Government Aided,1978,92.0055,25.4105,Operational,Rural,1,5,,,0,2,0,3,26,6,8,10,5,2,0,0,0,0,0,0,0,31,57
5239,Meghalaya,17,Ri Bhoi,276,Bhoirymbong,7182,Nongtraw Crc,Bangla Nongtraw,170502061,793116,,SENG KHASI UPSCHOOL NONGTRAW,17050206110,Upper Primary only,Co. Educational,Department of Education,2010,92.0128,25.6858,Operational,Rural,6,8,,,0,3,0,3,0,0,0,0,0,0,16,15,7,0,0,0,0,38,38
5240,Meghalaya,17,Ri Bhoi,276,Bhoirymbong,7182,Nongtraw Crc,Bangla Nongtraw,170502061,793116,,SENG KHASI LP SCHOOL NONGTRAW,17050206111,Primary,Co. Educational,Private Unaided (Recognized),2007,92.0109,25.4109,Operational,Rural,1,5,,,0,1,0,3,15,8,5,11,8,10,0,0,0,0,0,0,0,42,57
5241,Meghalaya,17,Ri Bhoi,276,Bhoirymbong,7182,Nongtraw Crc,Bangla Nongtraw,170502061,793116,,MANSING SEC SCHOOL C.O.G NONGTRAW,17050206112,Secondary Only,Co. Educational,Private Unaided (Recognized),1997,92.0261,25.6821,Operational,Rural,9,10,State Board,,0,2,1,2,0,0,0,0,0,0,0,0,0,12,13,0,0,25,25
5242,Meghalaya,17,Ri Bhoi,276,Bhoirymbong,7182,Nongtraw Crc,Mawkduk,170502062,793116,,ST PAUL RCLP SCHOOL,17050206201,Primary,Co. Educational,Department of Education,1970,92.0172,25.6505,Operational,Rural,1,5,,,0,1,0,2,23,5,8,10,4,5,0,0,0,0,0,0,0,32,55
5243,Meghalaya,17,Ri Bhoi,276,Bhoirymbong,7182,Nongtraw Crc,Mawkduk,170502062,793116,,ST.PAUL RCUP.SCHOOL,17050206203,Upper Primary only,Co. Educational,Department of Education,1970,92.0043,25.3919,Operational,Rural,6,8,,,0,3,0,4,0,0,0,0,0,0,10,11,5,0,0,0,0,26,26
5244,Meghalaya,17,Ri Bhoi,276,Bhoirymbong,7182,Nongtraw Crc,Mawkduk,170502062,793116,,MAWKDUK PRES LPS,17050206204,Primary,Co. Educational,Private Unaided (Recognized),2008,92.0111,25.394,Operational,Rural,1,5,,,0,1,0,2,6,3,2,7,2,3,0,0,0,0,0,0,0,17,23